codigo_ibge,ano,cargo,vagas
,1994,deputado estadual,40
,1994,deputado federal,16
,1994,governador,1
,1994,senador,2
,1998,deputado estadual,40
,1998,deputado federal,16
,1998,governador,1
,1998,senador,1
4200051,2000,prefeito,1
4200051,2000,vereador,9
4200101,2000,prefeito,1
4200101,2000,vereador,11
4200200,2000,prefeito,1
4200200,2000,vereador,9
4200309,2000,prefeito,1
4200309,2000,vereador,9
4200408,2000,prefeito,1
4200408,2000,vereador,9
4200507,2000,prefeito,1
4200507,2000,vereador,9
4200556,2000,prefeito,1
4200556,2000,vereador,9
4200606,2000,prefeito,1
4200606,2000,vereador,9
4200705,2000,prefeito,1
4200705,2000,vereador,9
4200754,2000,prefeito,1
4200754,2000,vereador,9
4200804,2000,prefeito,1
4200804,2000,vereador,9
4200903,2000,prefeito,1
4200903,2000,vereador,9
4201000,2000,prefeito,1
4201000,2000,vereador,9
4201109,2000,prefeito,1
4201109,2000,vereador,9
4201208,2000,prefeito,1
4201208,2000,vereador,9
4201257,2000,prefeito,1
4201257,2000,vereador,9
4201273,2000,prefeito,1
4201273,2000,vereador,9
4201307,2000,prefeito,1
4201307,2000,vereador,9
4201406,2000,prefeito,1
4201406,2000,vereador,15
4201505,2000,prefeito,1
4201505,2000,vereador,9
4201604,2000,prefeito,1
4201604,2000,vereador,9
4201653,2000,prefeito,1
4201653,2000,vereador,9
4201703,2000,prefeito,1
4201703,2000,vereador,9
4201802,2000,prefeito,1
4201802,2000,vereador,9
4201901,2000,prefeito,1
4201901,2000,vereador,9
4201950,2000,prefeito,1
4201950,2000,vereador,9
4202008,2000,prefeito,1
4202008,2000,vereador,17
4202057,2000,prefeito,1
4202057,2000,vereador,9
4202073,2000,prefeito,1
4202073,2000,vereador,9
4202081,2000,prefeito,1
4202081,2000,vereador,9
4202099,2000,prefeito,1
4202099,2000,vereador,9
4202107,2000,prefeito,1
4202107,2000,vereador,9
4202131,2000,prefeito,1
4202131,2000,vereador,9
4202156,2000,prefeito,1
4202156,2000,vereador,9
4202206,2000,prefeito,1
4202206,2000,vereador,9
4202305,2000,prefeito,1
4202305,2000,vereador,15
4202404,2000,prefeito,1
4202404,2000,vereador,21
4202438,2000,prefeito,1
4202438,2000,vereador,9
4202453,2000,prefeito,1
4202453,2000,vereador,9
4202503,2000,prefeito,1
4202503,2000,vereador,9
4202537,2000,prefeito,1
4202537,2000,vereador,9
4202578,2000,prefeito,1
4202578,2000,vereador,9
4202602,2000,prefeito,1
4202602,2000,vereador,9
4202701,2000,prefeito,1
4202701,2000,vereador,9
4202800,2000,prefeito,1
4202800,2000,vereador,11
4202859,2000,prefeito,1
4202859,2000,vereador,9
4202875,2000,prefeito,1
4202875,2000,vereador,9
4202909,2000,prefeito,1
4202909,2000,vereador,15
4203006,2000,prefeito,1
4203006,2000,vereador,15
4203105,2000,prefeito,1
4203105,2000,vereador,9
4203154,2000,prefeito,1
4203154,2000,vereador,9
4203204,2000,prefeito,1
4203204,2000,vereador,11
4203253,2000,prefeito,1
4203253,2000,vereador,9
4203303,2000,prefeito,1
4203303,2000,vereador,9
4203402,2000,prefeito,1
4203402,2000,vereador,9
4203501,2000,prefeito,1
4203501,2000,vereador,11
4203600,2000,prefeito,1
4203600,2000,vereador,13
4203709,2000,prefeito,1
4203709,2000,vereador,9
4203808,2000,prefeito,1
4203808,2000,vereador,15
4203907,2000,prefeito,1
4203907,2000,vereador,9
4203956,2000,prefeito,1
4203956,2000,vereador,11
4204004,2000,prefeito,1
4204004,2000,vereador,9
4204103,2000,prefeito,1
4204103,2000,vereador,9
4204152,2000,prefeito,1
4204152,2000,vereador,9
4204178,2000,prefeito,1
4204178,2000,vereador,9
4204194,2000,prefeito,1
4204194,2000,vereador,9
4204202,2000,prefeito,1
4204202,2000,vereador,19
4204251,2000,prefeito,1
4204251,2000,vereador,11
4204301,2000,prefeito,1
4204301,2000,vereador,17
4204350,2000,prefeito,1
4204350,2000,vereador,9
4204400,2000,prefeito,1
4204400,2000,vereador,11
4204459,2000,prefeito,1
4204459,2000,vereador,9
4204509,2000,prefeito,1
4204509,2000,vereador,11
4204558,2000,prefeito,1
4204558,2000,vereador,11
4204608,2000,prefeito,1
4204608,2000,vereador,21
4204707,2000,prefeito,1
4204707,2000,vereador,11
4204756,2000,prefeito,1
4204756,2000,vereador,9
4204806,2000,prefeito,1
4204806,2000,vereador,13
4204905,2000,prefeito,1
4204905,2000,vereador,9
4205001,2000,prefeito,1
4205001,2000,vereador,9
4205100,2000,prefeito,1
4205100,2000,vereador,9
4205159,2000,prefeito,1
4205159,2000,vereador,9
4205175,2000,prefeito,1
4205175,2000,vereador,9
4205191,2000,prefeito,1
4205191,2000,vereador,9
4205209,2000,prefeito,1
4205209,2000,vereador,9
4205308,2000,prefeito,1
4205308,2000,vereador,9
4205357,2000,prefeito,1
4205357,2000,vereador,9
4205407,2000,prefeito,1
4205407,2000,vereador,21
4205431,2000,prefeito,1
4205431,2000,vereador,9
4205456,2000,prefeito,1
4205456,2000,vereador,11
4205506,2000,prefeito,1
4205506,2000,vereador,13
4205555,2000,prefeito,1
4205555,2000,vereador,9
4205605,2000,prefeito,1
4205605,2000,vereador,9
4205704,2000,prefeito,1
4205704,2000,vereador,9
4205803,2000,prefeito,1
4205803,2000,vereador,9
4205902,2000,prefeito,1
4205902,2000,vereador,13
4206009,2000,prefeito,1
4206009,2000,vereador,11
4206108,2000,prefeito,1
4206108,2000,vereador,9
4206207,2000,prefeito,1
4206207,2000,vereador,9
4206306,2000,prefeito,1
4206306,2000,vereador,11
4206405,2000,prefeito,1
4206405,2000,vereador,11
4206504,2000,prefeito,1
4206504,2000,vereador,9
4206603,2000,prefeito,1
4206603,2000,vereador,9
4206652,2000,prefeito,1
4206652,2000,vereador,9
4206702,2000,prefeito,1
4206702,2000,vereador,11
4206751,2000,prefeito,1
4206751,2000,vereador,9
4206801,2000,prefeito,1
4206801,2000,vereador,9
4206900,2000,prefeito,1
4206900,2000,vereador,11
4207007,2000,prefeito,1
4207007,2000,vereador,13
4207106,2000,prefeito,1
4207106,2000,vereador,9
4207205,2000,prefeito,1
4207205,2000,vereador,11
4207304,2000,prefeito,1
4207304,2000,vereador,13
4207403,2000,prefeito,1
4207403,2000,vereador,9
4207502,2000,prefeito,1
4207502,2000,vereador,13
4207577,2000,prefeito,1
4207577,2000,vereador,9
4207601,2000,prefeito,1
4207601,2000,vereador,9
4207650,2000,prefeito,1
4207650,2000,vereador,9
4207684,2000,prefeito,1
4207684,2000,vereador,9
4207700,2000,prefeito,1
4207700,2000,vereador,9
4207759,2000,prefeito,1
4207759,2000,vereador,9
4207809,2000,prefeito,1
4207809,2000,vereador,9
4207858,2000,prefeito,1
4207858,2000,vereador,9
4207908,2000,prefeito,1
4207908,2000,vereador,9
4208005,2000,prefeito,1
4208005,2000,vereador,9
4208104,2000,prefeito,1
4208104,2000,vereador,11
4208203,2000,prefeito,1
4208203,2000,vereador,21
4208302,2000,prefeito,1
4208302,2000,vereador,13
4208401,2000,prefeito,1
4208401,2000,vereador,11
4208450,2000,prefeito,1
4208450,2000,vereador,9
4208500,2000,prefeito,1
4208500,2000,vereador,11
4208609,2000,prefeito,1
4208609,2000,vereador,9
4208708,2000,prefeito,1
4208708,2000,vereador,9
4208807,2000,prefeito,1
4208807,2000,vereador,9
4208906,2000,prefeito,1
4208906,2000,vereador,19
4208955,2000,prefeito,1
4208955,2000,vereador,9
4209003,2000,prefeito,1
4209003,2000,vereador,13
4209102,2000,prefeito,1
4209102,2000,vereador,21
4209151,2000,prefeito,1
4209151,2000,vereador,9
4209177,2000,prefeito,1
4209177,2000,vereador,9
4209201,2000,prefeito,1
4209201,2000,vereador,9
4209300,2000,prefeito,1
4209300,2000,vereador,21
4209409,2000,prefeito,1
4209409,2000,vereador,15
4209458,2000,prefeito,1
4209458,2000,vereador,9
4209508,2000,prefeito,1
4209508,2000,vereador,9
4209607,2000,prefeito,1
4209607,2000,vereador,11
4209706,2000,prefeito,1
4209706,2000,vereador,11
4209805,2000,prefeito,1
4209805,2000,vereador,9
4209854,2000,prefeito,1
4209854,2000,vereador,9
4209904,2000,prefeito,1
4209904,2000,vereador,9
4210001,2000,prefeito,1
4210001,2000,vereador,9
4210035,2000,prefeito,1
4210035,2000,vereador,9
4210050,2000,prefeito,1
4210050,2000,vereador,9
4210100,2000,prefeito,1
4210100,2000,vereador,13
4210209,2000,prefeito,1
4210209,2000,vereador,9
4210308,2000,prefeito,1
4210308,2000,vereador,9
4210407,2000,prefeito,1
4210407,2000,vereador,9
4210506,2000,prefeito,1
4210506,2000,vereador,11
4210555,2000,prefeito,1
4210555,2000,vereador,9
4210605,2000,prefeito,1
4210605,2000,vereador,9
4210704,2000,prefeito,1
4210704,2000,vereador,9
4210803,2000,prefeito,1
4210803,2000,vereador,9
4210852,2000,prefeito,1
4210852,2000,vereador,9
4210902,2000,prefeito,1
4210902,2000,vereador,9
4211009,2000,prefeito,1
4211009,2000,vereador,11
4211058,2000,prefeito,1
4211058,2000,vereador,9
4211108,2000,prefeito,1
4211108,2000,vereador,9
4211207,2000,prefeito,1
4211207,2000,vereador,11
4211256,2000,prefeito,1
4211256,2000,vereador,9
4211306,2000,prefeito,1
4211306,2000,vereador,13
4211405,2000,prefeito,1
4211405,2000,vereador,9
4211454,2000,prefeito,1
4211454,2000,vereador,9
4211504,2000,prefeito,1
4211504,2000,vereador,9
4211603,2000,prefeito,1
4211603,2000,vereador,9
4211652,2000,prefeito,1
4211652,2000,vereador,9
4211702,2000,prefeito,1
4211702,2000,vereador,13
4211751,2000,prefeito,1
4211751,2000,vereador,11
4211801,2000,prefeito,1
4211801,2000,vereador,9
4211850,2000,prefeito,1
4211850,2000,vereador,9
4211876,2000,prefeito,1
4211876,2000,vereador,9
4211892,2000,prefeito,1
4211892,2000,vereador,9
4211900,2000,prefeito,1
4211900,2000,vereador,19
4212007,2000,prefeito,1
4212007,2000,vereador,9
4212056,2000,prefeito,1
4212056,2000,vereador,9
4212106,2000,prefeito,1
4212106,2000,vereador,11
4212205,2000,prefeito,1
4212205,2000,vereador,11
4212239,2000,prefeito,1
4212239,2000,vereador,9
4212254,2000,prefeito,1
4212254,2000,vereador,9
4212270,2000,prefeito,1
4212270,2000,vereador,9
4212304,2000,prefeito,1
4212304,2000,vereador,9
4212403,2000,prefeito,1
4212403,2000,vereador,9
4212502,2000,prefeito,1
4212502,2000,vereador,11
4212601,2000,prefeito,1
4212601,2000,vereador,9
4212700,2000,prefeito,1
4212700,2000,vereador,9
4212809,2000,prefeito,1
4212809,2000,vereador,11
4212908,2000,prefeito,1
4212908,2000,vereador,9
4213005,2000,prefeito,1
4213005,2000,vereador,9
4213104,2000,prefeito,1
4213104,2000,vereador,9
4213153,2000,prefeito,1
4213153,2000,vereador,9
4213203,2000,prefeito,1
4213203,2000,vereador,11
4213302,2000,prefeito,1
4213302,2000,vereador,9
4213351,2000,prefeito,1
4213351,2000,vereador,9
4213401,2000,prefeito,1
4213401,2000,vereador,9
4213500,2000,prefeito,1
4213500,2000,vereador,9
4213609,2000,prefeito,1
4213609,2000,vereador,13
4213708,2000,prefeito,1
4213708,2000,vereador,11
4213807,2000,prefeito,1
4213807,2000,vereador,9
4213906,2000,prefeito,1
4213906,2000,vereador,9
4214003,2000,prefeito,1
4214003,2000,vereador,11
4214102,2000,prefeito,1
4214102,2000,vereador,9
4214151,2000,prefeito,1
4214151,2000,vereador,9
4214201,2000,prefeito,1
4214201,2000,vereador,11
4214300,2000,prefeito,1
4214300,2000,vereador,9
4214409,2000,prefeito,1
4214409,2000,vereador,9
4214508,2000,prefeito,1
4214508,2000,vereador,9
4214607,2000,prefeito,1
4214607,2000,vereador,9
4214706,2000,prefeito,1
4214706,2000,vereador,9
4214805,2000,prefeito,1
4214805,2000,vereador,13
4214904,2000,prefeito,1
4214904,2000,vereador,9
4215000,2000,prefeito,1
4215000,2000,vereador,11
4215059,2000,prefeito,1
4215059,2000,vereador,9
4215075,2000,prefeito,1
4215075,2000,vereador,9
4215109,2000,prefeito,1
4215109,2000,vereador,9
4215208,2000,prefeito,1
4215208,2000,vereador,9
4215307,2000,prefeito,1
4215307,2000,vereador,9
4215356,2000,prefeito,1
4215356,2000,vereador,9
4215406,2000,prefeito,1
4215406,2000,vereador,9
4215455,2000,prefeito,1
4215455,2000,vereador,9
4215505,2000,prefeito,1
4215505,2000,vereador,11
4215554,2000,prefeito,1
4215554,2000,vereador,9
4215604,2000,prefeito,1
4215604,2000,vereador,9
4215653,2000,prefeito,1
4215653,2000,vereador,9
4215679,2000,prefeito,1
4215679,2000,vereador,9
4215687,2000,prefeito,1
4215687,2000,vereador,9
4215695,2000,prefeito,1
4215695,2000,vereador,9
4215703,2000,prefeito,1
4215703,2000,vereador,9
4215752,2000,prefeito,1
4215752,2000,vereador,9
4215802,2000,prefeito,1
4215802,2000,vereador,15
4215901,2000,prefeito,1
4215901,2000,vereador,9
4216008,2000,prefeito,1
4216008,2000,vereador,9
4216057,2000,prefeito,1
4216057,2000,vereador,9
4216107,2000,prefeito,1
4216107,2000,vereador,9
4216206,2000,prefeito,1
4216206,2000,vereador,13
4216255,2000,prefeito,1
4216255,2000,vereador,9
4216305,2000,prefeito,1
4216305,2000,vereador,11
4216354,2000,prefeito,1
4216354,2000,vereador,9
4216404,2000,prefeito,1
4216404,2000,vereador,9
4216503,2000,prefeito,1
4216503,2000,vereador,11
4216602,2000,prefeito,1
4216602,2000,vereador,21
4216701,2000,prefeito,1
4216701,2000,vereador,11
4216800,2000,prefeito,1
4216800,2000,vereador,11
4216909,2000,prefeito,1
4216909,2000,vereador,11
4217006,2000,prefeito,1
4217006,2000,vereador,9
4217105,2000,prefeito,1
4217105,2000,vereador,9
4217154,2000,prefeito,1
4217154,2000,vereador,9
4217204,2000,prefeito,1
4217204,2000,vereador,13
4217253,2000,prefeito,1
4217253,2000,vereador,9
4217303,2000,prefeito,1
4217303,2000,vereador,9
4217402,2000,prefeito,1
4217402,2000,vereador,9
4217501,2000,prefeito,1
4217501,2000,vereador,11
4217550,2000,prefeito,1
4217550,2000,vereador,9
4217600,2000,prefeito,1
4217600,2000,vereador,9
4217709,2000,prefeito,1
4217709,2000,vereador,13
4217758,2000,prefeito,1
4217758,2000,vereador,9
4217808,2000,prefeito,1
4217808,2000,vereador,11
4217907,2000,prefeito,1
4217907,2000,vereador,9
4217956,2000,prefeito,1
4217956,2000,vereador,9
4218004,2000,prefeito,1
4218004,2000,vereador,13
4218103,2000,prefeito,1
4218103,2000,vereador,9
4218202,2000,prefeito,1
4218202,2000,vereador,13
4218251,2000,prefeito,1
4218251,2000,vereador,9
4218301,2000,prefeito,1
4218301,2000,vereador,11
4218350,2000,prefeito,1
4218350,2000,vereador,9
4218400,2000,prefeito,1
4218400,2000,vereador,9
4218509,2000,prefeito,1
4218509,2000,vereador,9
4218608,2000,prefeito,1
4218608,2000,vereador,9
4218707,2000,prefeito,1
4218707,2000,vereador,19
4218756,2000,prefeito,1
4218756,2000,vereador,9
4218806,2000,prefeito,1
4218806,2000,vereador,9
4218855,2000,prefeito,1
4218855,2000,vereador,9
4218905,2000,prefeito,1
4218905,2000,vereador,9
4218954,2000,prefeito,1
4218954,2000,vereador,9
4219002,2000,prefeito,1
4219002,2000,vereador,11
4219101,2000,prefeito,1
4219101,2000,vereador,9
4219150,2000,prefeito,1
4219150,2000,vereador,9
4219176,2000,prefeito,1
4219176,2000,vereador,9
4219200,2000,prefeito,1
4219200,2000,vereador,9
4219309,2000,prefeito,1
4219309,2000,vereador,13
4219358,2000,prefeito,1
4219358,2000,vereador,9
4219408,2000,prefeito,1
4219408,2000,vereador,9
4219507,2000,prefeito,1
4219507,2000,vereador,13
4219606,2000,prefeito,1
4219606,2000,vereador,9
4219705,2000,prefeito,1
4219705,2000,vereador,11
4219853,2000,prefeito,1
4219853,2000,vereador,9
,2002,deputado estadual,40
,2002,deputado federal,16
,2002,governador,1
,2002,senador,2
4200051,2004,prefeito,1
4200051,2004,vereador,9
4200101,2004,prefeito,1
4200101,2004,vereador,9
4200200,2004,prefeito,1
4200200,2004,vereador,9
4200309,2004,prefeito,1
4200309,2004,vereador,9
4200408,2004,prefeito,1
4200408,2004,vereador,9
4200507,2004,prefeito,1
4200507,2004,vereador,9
4200556,2004,prefeito,1
4200556,2004,vereador,9
4200606,2004,prefeito,1
4200606,2004,vereador,9
4200705,2004,prefeito,1
4200705,2004,vereador,9
4200754,2004,prefeito,1
4200754,2004,vereador,9
4200804,2004,prefeito,1
4200804,2004,vereador,9
4200903,2004,prefeito,1
4200903,2004,vereador,9
4201000,2004,prefeito,1
4201000,2004,vereador,9
4201109,2004,prefeito,1
4201109,2004,vereador,9
4201208,2004,prefeito,1
4201208,2004,vereador,9
4201257,2004,prefeito,1
4201257,2004,vereador,9
4201273,2004,prefeito,1
4201273,2004,vereador,9
4201307,2004,prefeito,1
4201307,2004,vereador,9
4201406,2004,prefeito,1
4201406,2004,vereador,10
4201505,2004,prefeito,1
4201505,2004,vereador,9
4201604,2004,prefeito,1
4201604,2004,vereador,9
4201653,2004,prefeito,1
4201653,2004,vereador,9
4201703,2004,prefeito,1
4201703,2004,vereador,9
4201802,2004,prefeito,1
4201802,2004,vereador,9
4201901,2004,prefeito,1
4201901,2004,vereador,9
4201950,2004,prefeito,1
4201950,2004,vereador,9
4202008,2004,prefeito,1
4202008,2004,vereador,10
4202057,2004,prefeito,1
4202057,2004,vereador,9
4202073,2004,prefeito,1
4202073,2004,vereador,9
4202081,2004,prefeito,1
4202081,2004,vereador,9
4202099,2004,prefeito,1
4202099,2004,vereador,9
4202107,2004,prefeito,1
4202107,2004,vereador,9
4202131,2004,prefeito,1
4202131,2004,vereador,9
4202156,2004,prefeito,1
4202156,2004,vereador,9
4202206,2004,prefeito,1
4202206,2004,vereador,9
4202305,2004,prefeito,1
4202305,2004,vereador,10
4202404,2004,prefeito,1
4202404,2004,vereador,14
4202438,2004,prefeito,1
4202438,2004,vereador,9
4202453,2004,prefeito,1
4202453,2004,vereador,9
4202503,2004,prefeito,1
4202503,2004,vereador,9
4202537,2004,prefeito,1
4202537,2004,vereador,9
4202578,2004,prefeito,1
4202578,2004,vereador,9
4202602,2004,prefeito,1
4202602,2004,vereador,9
4202701,2004,prefeito,1
4202701,2004,vereador,9
4202800,2004,prefeito,1
4202800,2004,vereador,9
4202859,2004,prefeito,1
4202859,2004,vereador,9
4202875,2004,prefeito,1
4202875,2004,vereador,9
4202909,2004,prefeito,1
4202909,2004,vereador,10
4203006,2004,prefeito,1
4203006,2004,vereador,10
4203105,2004,prefeito,1
4203105,2004,vereador,9
4203154,2004,prefeito,1
4203154,2004,vereador,9
4203204,2004,prefeito,1
4203204,2004,vereador,9
4203253,2004,prefeito,1
4203253,2004,vereador,9
4203303,2004,prefeito,1
4203303,2004,vereador,9
4203402,2004,prefeito,1
4203402,2004,vereador,9
4203501,2004,prefeito,1
4203501,2004,vereador,9
4203600,2004,prefeito,1
4203600,2004,vereador,9
4203709,2004,prefeito,1
4203709,2004,vereador,9
4203808,2004,prefeito,1
4203808,2004,vereador,10
4203907,2004,prefeito,1
4203907,2004,vereador,9
4203956,2004,prefeito,1
4203956,2004,vereador,9
4204004,2004,prefeito,1
4204004,2004,vereador,9
4204103,2004,prefeito,1
4204103,2004,vereador,9
4204152,2004,prefeito,1
4204152,2004,vereador,9
4204178,2004,prefeito,1
4204178,2004,vereador,9
4204194,2004,prefeito,1
4204194,2004,vereador,9
4204202,2004,prefeito,1
4204202,2004,vereador,12
4204251,2004,prefeito,1
4204251,2004,vereador,9
4204301,2004,prefeito,1
4204301,2004,vereador,10
4204350,2004,prefeito,1
4204350,2004,vereador,9
4204400,2004,prefeito,1
4204400,2004,vereador,9
4204459,2004,prefeito,1
4204459,2004,vereador,9
4204509,2004,prefeito,1
4204509,2004,vereador,9
4204558,2004,prefeito,1
4204558,2004,vereador,9
4204608,2004,prefeito,1
4204608,2004,vereador,12
4204707,2004,prefeito,1
4204707,2004,vereador,9
4204756,2004,prefeito,1
4204756,2004,vereador,9
4204806,2004,prefeito,1
4204806,2004,vereador,9
4204905,2004,prefeito,1
4204905,2004,vereador,9
4205001,2004,prefeito,1
4205001,2004,vereador,9
4205100,2004,prefeito,1
4205100,2004,vereador,9
4205159,2004,prefeito,1
4205159,2004,vereador,9
4205175,2004,prefeito,1
4205175,2004,vereador,9
4205191,2004,prefeito,1
4205191,2004,vereador,9
4205209,2004,prefeito,1
4205209,2004,vereador,9
4205308,2004,prefeito,1
4205308,2004,vereador,9
4205357,2004,prefeito,1
4205357,2004,vereador,9
4205407,2004,prefeito,1
4205407,2004,vereador,16
4205431,2004,prefeito,1
4205431,2004,vereador,9
4205456,2004,prefeito,1
4205456,2004,vereador,9
4205506,2004,prefeito,1
4205506,2004,vereador,9
4205555,2004,prefeito,1
4205555,2004,vereador,9
4205605,2004,prefeito,1
4205605,2004,vereador,9
4205704,2004,prefeito,1
4205704,2004,vereador,9
4205803,2004,prefeito,1
4205803,2004,vereador,9
4205902,2004,prefeito,1
4205902,2004,vereador,10
4206009,2004,prefeito,1
4206009,2004,vereador,9
4206108,2004,prefeito,1
4206108,2004,vereador,9
4206207,2004,prefeito,1
4206207,2004,vereador,9
4206306,2004,prefeito,1
4206306,2004,vereador,9
4206405,2004,prefeito,1
4206405,2004,vereador,9
4206504,2004,prefeito,1
4206504,2004,vereador,9
4206603,2004,prefeito,1
4206603,2004,vereador,9
4206652,2004,prefeito,1
4206652,2004,vereador,9
4206702,2004,prefeito,1
4206702,2004,vereador,9
4206751,2004,prefeito,1
4206751,2004,vereador,9
4206801,2004,prefeito,1
4206801,2004,vereador,9
4206900,2004,prefeito,1
4206900,2004,vereador,9
4207007,2004,prefeito,1
4207007,2004,vereador,10
4207106,2004,prefeito,1
4207106,2004,vereador,9
4207205,2004,prefeito,1
4207205,2004,vereador,9
4207304,2004,prefeito,1
4207304,2004,vereador,9
4207403,2004,prefeito,1
4207403,2004,vereador,9
4207502,2004,prefeito,1
4207502,2004,vereador,9
4207577,2004,prefeito,1
4207577,2004,vereador,9
4207601,2004,prefeito,1
4207601,2004,vereador,9
4207650,2004,prefeito,1
4207650,2004,vereador,9
4207684,2004,prefeito,1
4207684,2004,vereador,9
4207700,2004,prefeito,1
4207700,2004,vereador,9
4207759,2004,prefeito,1
4207759,2004,vereador,9
4207809,2004,prefeito,1
4207809,2004,vereador,9
4207858,2004,prefeito,1
4207858,2004,vereador,9
4207908,2004,prefeito,1
4207908,2004,vereador,9
4208005,2004,prefeito,1
4208005,2004,vereador,9
4208104,2004,prefeito,1
4208104,2004,vereador,9
4208203,2004,prefeito,1
4208203,2004,vereador,12
4208302,2004,prefeito,1
4208302,2004,vereador,9
4208401,2004,prefeito,1
4208401,2004,vereador,9
4208450,2004,prefeito,1
4208450,2004,vereador,9
4208500,2004,prefeito,1
4208500,2004,vereador,9
4208609,2004,prefeito,1
4208609,2004,vereador,9
4208708,2004,prefeito,1
4208708,2004,vereador,9
4208807,2004,prefeito,1
4208807,2004,vereador,9
4208906,2004,prefeito,1
4208906,2004,vereador,11
4208955,2004,prefeito,1
4208955,2004,vereador,9
4209003,2004,prefeito,1
4209003,2004,vereador,9
4209102,2004,prefeito,1
4209102,2004,vereador,18
4209151,2004,prefeito,1
4209151,2004,vereador,9
4209177,2004,prefeito,1
4209177,2004,vereador,9
4209201,2004,prefeito,1
4209201,2004,vereador,9
4209300,2004,prefeito,1
4209300,2004,vereador,12
4209409,2004,prefeito,1
4209409,2004,vereador,10
4209458,2004,prefeito,1
4209458,2004,vereador,9
4209508,2004,prefeito,1
4209508,2004,vereador,9
4209607,2004,prefeito,1
4209607,2004,vereador,9
4209706,2004,prefeito,1
4209706,2004,vereador,9
4209805,2004,prefeito,1
4209805,2004,vereador,9
4209854,2004,prefeito,1
4209854,2004,vereador,9
4209904,2004,prefeito,1
4209904,2004,vereador,9
4210001,2004,prefeito,1
4210001,2004,vereador,9
4210035,2004,prefeito,1
4210035,2004,vereador,9
4210050,2004,prefeito,1
4210050,2004,vereador,9
4210100,2004,prefeito,1
4210100,2004,vereador,10
4210209,2004,prefeito,1
4210209,2004,vereador,9
4210308,2004,prefeito,1
4210308,2004,vereador,9
4210407,2004,prefeito,1
4210407,2004,vereador,9
4210506,2004,prefeito,1
4210506,2004,vereador,9
4210555,2004,prefeito,1
4210555,2004,vereador,9
4210605,2004,prefeito,1
4210605,2004,vereador,9
4210704,2004,prefeito,1
4210704,2004,vereador,9
4210803,2004,prefeito,1
4210803,2004,vereador,9
4210852,2004,prefeito,1
4210852,2004,vereador,9
4210902,2004,prefeito,1
4210902,2004,vereador,9
4211009,2004,prefeito,1
4211009,2004,vereador,9
4211058,2004,prefeito,1
4211058,2004,vereador,9
4211108,2004,prefeito,1
4211108,2004,vereador,9
4211207,2004,prefeito,1
4211207,2004,vereador,9
4211256,2004,prefeito,1
4211256,2004,vereador,9
4211306,2004,prefeito,1
4211306,2004,vereador,9
4211405,2004,prefeito,1
4211405,2004,vereador,9
4211454,2004,prefeito,1
4211454,2004,vereador,9
4211504,2004,prefeito,1
4211504,2004,vereador,9
4211603,2004,prefeito,1
4211603,2004,vereador,9
4211652,2004,prefeito,1
4211652,2004,vereador,9
4211702,2004,prefeito,1
4211702,2004,vereador,9
4211751,2004,prefeito,1
4211751,2004,vereador,9
4211801,2004,prefeito,1
4211801,2004,vereador,9
4211850,2004,prefeito,1
4211850,2004,vereador,9
4211876,2004,prefeito,1
4211876,2004,vereador,9
4211892,2004,prefeito,1
4211892,2004,vereador,9
4211900,2004,prefeito,1
4211900,2004,vereador,11
4212007,2004,prefeito,1
4212007,2004,vereador,9
4212056,2004,prefeito,1
4212056,2004,vereador,9
4212106,2004,prefeito,1
4212106,2004,vereador,9
4212205,2004,prefeito,1
4212205,2004,vereador,9
4212239,2004,prefeito,1
4212239,2004,vereador,9
4212254,2004,prefeito,1
4212254,2004,vereador,9
4212270,2004,prefeito,1
4212270,2004,vereador,9
4212304,2004,prefeito,1
4212304,2004,vereador,9
4212403,2004,prefeito,1
4212403,2004,vereador,9
4212502,2004,prefeito,1
4212502,2004,vereador,9
4212601,2004,prefeito,1
4212601,2004,vereador,9
4212700,2004,prefeito,1
4212700,2004,vereador,9
4212809,2004,prefeito,1
4212809,2004,vereador,9
4212908,2004,prefeito,1
4212908,2004,vereador,9
4213005,2004,prefeito,1
4213005,2004,vereador,9
4213104,2004,prefeito,1
4213104,2004,vereador,9
4213153,2004,prefeito,1
4213153,2004,vereador,9
4213203,2004,prefeito,1
4213203,2004,vereador,9
4213302,2004,prefeito,1
4213302,2004,vereador,9
4213351,2004,prefeito,1
4213351,2004,vereador,9
4213401,2004,prefeito,1
4213401,2004,vereador,9
4213500,2004,prefeito,1
4213500,2004,vereador,9
4213609,2004,prefeito,1
4213609,2004,vereador,9
4213708,2004,prefeito,1
4213708,2004,vereador,9
4213807,2004,prefeito,1
4213807,2004,vereador,9
4213906,2004,prefeito,1
4213906,2004,vereador,9
4214003,2004,prefeito,1
4214003,2004,vereador,9
4214102,2004,prefeito,1
4214102,2004,vereador,9
4214151,2004,prefeito,1
4214151,2004,vereador,9
4214201,2004,prefeito,1
4214201,2004,vereador,9
4214300,2004,prefeito,1
4214300,2004,vereador,9
4214409,2004,prefeito,1
4214409,2004,vereador,9
4214508,2004,prefeito,1
4214508,2004,vereador,9
4214607,2004,prefeito,1
4214607,2004,vereador,9
4214706,2004,prefeito,1
4214706,2004,vereador,9
4214805,2004,prefeito,1
4214805,2004,vereador,10
4214904,2004,prefeito,1
4214904,2004,vereador,9
4215000,2004,prefeito,1
4215000,2004,vereador,9
4215059,2004,prefeito,1
4215059,2004,vereador,9
4215075,2004,prefeito,1
4215075,2004,vereador,9
4215109,2004,prefeito,1
4215109,2004,vereador,9
4215208,2004,prefeito,1
4215208,2004,vereador,9
4215307,2004,prefeito,1
4215307,2004,vereador,9
4215356,2004,prefeito,1
4215356,2004,vereador,9
4215406,2004,prefeito,1
4215406,2004,vereador,9
4215455,2004,prefeito,1
4215455,2004,vereador,9
4215505,2004,prefeito,1
4215505,2004,vereador,9
4215554,2004,prefeito,1
4215554,2004,vereador,9
4215604,2004,prefeito,1
4215604,2004,vereador,9
4215653,2004,prefeito,1
4215653,2004,vereador,9
4215679,2004,prefeito,1
4215679,2004,vereador,9
4215687,2004,prefeito,1
4215687,2004,vereador,9
4215695,2004,prefeito,1
4215695,2004,vereador,9
4215703,2004,prefeito,1
4215703,2004,vereador,9
4215752,2004,prefeito,1
4215752,2004,vereador,9
4215802,2004,prefeito,1
4215802,2004,vereador,10
4215901,2004,prefeito,1
4215901,2004,vereador,9
4216008,2004,prefeito,1
4216008,2004,vereador,9
4216057,2004,prefeito,1
4216057,2004,vereador,9
4216107,2004,prefeito,1
4216107,2004,vereador,9
4216206,2004,prefeito,1
4216206,2004,vereador,9
4216255,2004,prefeito,1
4216255,2004,vereador,9
4216305,2004,prefeito,1
4216305,2004,vereador,9
4216354,2004,prefeito,1
4216354,2004,vereador,9
4216404,2004,prefeito,1
4216404,2004,vereador,9
4216503,2004,prefeito,1
4216503,2004,vereador,9
4216602,2004,prefeito,1
4216602,2004,vereador,12
4216701,2004,prefeito,1
4216701,2004,vereador,9
4216800,2004,prefeito,1
4216800,2004,vereador,9
4216909,2004,prefeito,1
4216909,2004,vereador,9
4217006,2004,prefeito,1
4217006,2004,vereador,9
4217105,2004,prefeito,1
4217105,2004,vereador,9
4217154,2004,prefeito,1
4217154,2004,vereador,9
4217204,2004,prefeito,1
4217204,2004,vereador,9
4217253,2004,prefeito,1
4217253,2004,vereador,9
4217303,2004,prefeito,1
4217303,2004,vereador,9
4217402,2004,prefeito,1
4217402,2004,vereador,9
4217501,2004,prefeito,1
4217501,2004,vereador,9
4217550,2004,prefeito,1
4217550,2004,vereador,9
4217600,2004,prefeito,1
4217600,2004,vereador,9
4217709,2004,prefeito,1
4217709,2004,vereador,9
4217758,2004,prefeito,1
4217758,2004,vereador,9
4217808,2004,prefeito,1
4217808,2004,vereador,9
4217907,2004,prefeito,1
4217907,2004,vereador,9
4217956,2004,prefeito,1
4217956,2004,vereador,9
4218004,2004,prefeito,1
4218004,2004,vereador,9
4218103,2004,prefeito,1
4218103,2004,vereador,9
4218202,2004,prefeito,1
4218202,2004,vereador,9
4218251,2004,prefeito,1
4218251,2004,vereador,9
4218301,2004,prefeito,1
4218301,2004,vereador,9
4218350,2004,prefeito,1
4218350,2004,vereador,9
4218400,2004,prefeito,1
4218400,2004,vereador,9
4218509,2004,prefeito,1
4218509,2004,vereador,9
4218608,2004,prefeito,1
4218608,2004,vereador,9
4218707,2004,prefeito,1
4218707,2004,vereador,10
4218756,2004,prefeito,1
4218756,2004,vereador,9
4218806,2004,prefeito,1
4218806,2004,vereador,9
4218855,2004,prefeito,1
4218855,2004,vereador,9
4218905,2004,prefeito,1
4218905,2004,vereador,9
4218954,2004,prefeito,1
4218954,2004,vereador,9
4219002,2004,prefeito,1
4219002,2004,vereador,9
4219101,2004,prefeito,1
4219101,2004,vereador,9
4219150,2004,prefeito,1
4219150,2004,vereador,9
4219176,2004,prefeito,1
4219176,2004,vereador,9
4219200,2004,prefeito,1
4219200,2004,vereador,9
4219309,2004,prefeito,1
4219309,2004,vereador,9
4219358,2004,prefeito,1
4219358,2004,vereador,9
4219408,2004,prefeito,1
4219408,2004,vereador,9
4219507,2004,prefeito,1
4219507,2004,vereador,9
4219606,2004,prefeito,1
4219606,2004,vereador,9
4219705,2004,prefeito,1
4219705,2004,vereador,9
4219853,2004,prefeito,1
4219853,2004,vereador,9
,2006,deputado estadual,40
,2006,deputado federal,16
,2006,governador,1
,2006,senador,1
4200051,2008,prefeito,1
4200051,2008,vereador,9
4200101,2008,prefeito,1
4200101,2008,vereador,9
4200200,2008,prefeito,1
4200200,2008,vereador,9
4200309,2008,prefeito,1
4200309,2008,vereador,9
4200408,2008,prefeito,1
4200408,2008,vereador,9
4200507,2008,prefeito,1
4200507,2008,vereador,9
4200556,2008,prefeito,1
4200556,2008,vereador,9
4200606,2008,prefeito,1
4200606,2008,vereador,9
4200705,2008,prefeito,1
4200705,2008,vereador,9
4200754,2008,prefeito,1
4200754,2008,vereador,9
4200804,2008,prefeito,1
4200804,2008,vereador,9
4200903,2008,prefeito,1
4200903,2008,vereador,9
4201000,2008,prefeito,1
4201000,2008,vereador,9
4201109,2008,prefeito,1
4201109,2008,vereador,9
4201208,2008,prefeito,1
4201208,2008,vereador,9
4201257,2008,prefeito,1
4201257,2008,vereador,9
4201273,2008,prefeito,1
4201273,2008,vereador,9
4201307,2008,prefeito,1
4201307,2008,vereador,9
4201406,2008,prefeito,1
4201406,2008,vereador,10
4201505,2008,prefeito,1
4201505,2008,vereador,9
4201604,2008,prefeito,1
4201604,2008,vereador,9
4201653,2008,prefeito,1
4201653,2008,vereador,9
4201703,2008,prefeito,1
4201703,2008,vereador,9
4201802,2008,prefeito,1
4201802,2008,vereador,9
4201901,2008,prefeito,1
4201901,2008,vereador,9
4201950,2008,prefeito,1
4201950,2008,vereador,9
4202008,2008,prefeito,1
4202008,2008,vereador,10
4202057,2008,prefeito,1
4202057,2008,vereador,9
4202073,2008,prefeito,1
4202073,2008,vereador,9
4202081,2008,prefeito,1
4202081,2008,vereador,9
4202099,2008,prefeito,1
4202099,2008,vereador,9
4202107,2008,prefeito,1
4202107,2008,vereador,9
4202131,2008,prefeito,1
4202131,2008,vereador,9
4202156,2008,prefeito,1
4202156,2008,vereador,9
4202206,2008,prefeito,1
4202206,2008,vereador,9
4202305,2008,prefeito,1
4202305,2008,vereador,10
4202404,2008,prefeito,1
4202404,2008,vereador,15
4202438,2008,prefeito,1
4202438,2008,vereador,9
4202453,2008,prefeito,1
4202453,2008,vereador,9
4202503,2008,prefeito,1
4202503,2008,vereador,9
4202537,2008,prefeito,1
4202537,2008,vereador,9
4202578,2008,prefeito,1
4202578,2008,vereador,9
4202602,2008,prefeito,1
4202602,2008,vereador,9
4202701,2008,prefeito,1
4202701,2008,vereador,9
4202800,2008,prefeito,1
4202800,2008,vereador,9
4202859,2008,prefeito,1
4202859,2008,vereador,9
4202875,2008,prefeito,1
4202875,2008,vereador,9
4202909,2008,prefeito,1
4202909,2008,vereador,10
4203006,2008,prefeito,1
4203006,2008,vereador,10
4203105,2008,prefeito,1
4203105,2008,vereador,9
4203154,2008,prefeito,1
4203154,2008,vereador,9
4203204,2008,prefeito,1
4203204,2008,vereador,10
4203253,2008,prefeito,1
4203253,2008,vereador,9
4203303,2008,prefeito,1
4203303,2008,vereador,9
4203402,2008,prefeito,1
4203402,2008,vereador,9
4203501,2008,prefeito,1
4203501,2008,vereador,9
4203600,2008,prefeito,1
4203600,2008,vereador,9
4203709,2008,prefeito,1
4203709,2008,vereador,9
4203808,2008,prefeito,1
4203808,2008,vereador,10
4203907,2008,prefeito,1
4203907,2008,vereador,9
4203956,2008,prefeito,1
4203956,2008,vereador,9
4204004,2008,prefeito,1
4204004,2008,vereador,9
4204103,2008,prefeito,1
4204103,2008,vereador,9
4204152,2008,prefeito,1
4204152,2008,vereador,9
4204178,2008,prefeito,1
4204178,2008,vereador,9
4204194,2008,prefeito,1
4204194,2008,vereador,9
4204202,2008,prefeito,1
4204202,2008,vereador,12
4204251,2008,prefeito,1
4204251,2008,vereador,9
4204301,2008,prefeito,1
4204301,2008,vereador,10
4204350,2008,prefeito,1
4204350,2008,vereador,9
4204400,2008,prefeito,1
4204400,2008,vereador,9
4204459,2008,prefeito,1
4204459,2008,vereador,9
4204509,2008,prefeito,1
4204509,2008,vereador,9
4204558,2008,prefeito,1
4204558,2008,vereador,9
4204608,2008,prefeito,1
4204608,2008,vereador,12
4204707,2008,prefeito,1
4204707,2008,vereador,9
4204756,2008,prefeito,1
4204756,2008,vereador,9
4204806,2008,prefeito,1
4204806,2008,vereador,9
4204905,2008,prefeito,1
4204905,2008,vereador,9
4205001,2008,prefeito,1
4205001,2008,vereador,9
4205100,2008,prefeito,1
4205100,2008,vereador,9
4205159,2008,prefeito,1
4205159,2008,vereador,9
4205175,2008,prefeito,1
4205175,2008,vereador,9
4205191,2008,prefeito,1
4205191,2008,vereador,9
4205209,2008,prefeito,1
4205209,2008,vereador,9
4205308,2008,prefeito,1
4205308,2008,vereador,9
4205357,2008,prefeito,1
4205357,2008,vereador,9
4205407,2008,prefeito,1
4205407,2008,vereador,16
4205431,2008,prefeito,1
4205431,2008,vereador,9
4205456,2008,prefeito,1
4205456,2008,vereador,9
4205506,2008,prefeito,1
4205506,2008,vereador,9
4205555,2008,prefeito,1
4205555,2008,vereador,9
4205605,2008,prefeito,1
4205605,2008,vereador,9
4205704,2008,prefeito,1
4205704,2008,vereador,9
4205803,2008,prefeito,1
4205803,2008,vereador,9
4205902,2008,prefeito,1
4205902,2008,vereador,10
4206009,2008,prefeito,1
4206009,2008,vereador,9
4206108,2008,prefeito,1
4206108,2008,vereador,9
4206207,2008,prefeito,1
4206207,2008,vereador,9
4206306,2008,prefeito,1
4206306,2008,vereador,9
4206405,2008,prefeito,1
4206405,2008,vereador,9
4206504,2008,prefeito,1
4206504,2008,vereador,9
4206603,2008,prefeito,1
4206603,2008,vereador,9
4206652,2008,prefeito,1
4206652,2008,vereador,9
4206702,2008,prefeito,1
4206702,2008,vereador,9
4206751,2008,prefeito,1
4206751,2008,vereador,9
4206801,2008,prefeito,1
4206801,2008,vereador,9
4206900,2008,prefeito,1
4206900,2008,vereador,9
4207007,2008,prefeito,1
4207007,2008,vereador,10
4207106,2008,prefeito,1
4207106,2008,vereador,9
4207205,2008,prefeito,1
4207205,2008,vereador,9
4207304,2008,prefeito,1
4207304,2008,vereador,9
4207403,2008,prefeito,1
4207403,2008,vereador,9
4207502,2008,prefeito,1
4207502,2008,vereador,10
4207577,2008,prefeito,1
4207577,2008,vereador,9
4207601,2008,prefeito,1
4207601,2008,vereador,9
4207650,2008,prefeito,1
4207650,2008,vereador,9
4207684,2008,prefeito,1
4207684,2008,vereador,9
4207700,2008,prefeito,1
4207700,2008,vereador,9
4207759,2008,prefeito,1
4207759,2008,vereador,9
4207809,2008,prefeito,1
4207809,2008,vereador,9
4207858,2008,prefeito,1
4207858,2008,vereador,9
4207908,2008,prefeito,1
4207908,2008,vereador,9
4208005,2008,prefeito,1
4208005,2008,vereador,9
4208104,2008,prefeito,1
4208104,2008,vereador,9
4208203,2008,prefeito,1
4208203,2008,vereador,12
4208302,2008,prefeito,1
4208302,2008,vereador,9
4208401,2008,prefeito,1
4208401,2008,vereador,9
4208450,2008,prefeito,1
4208450,2008,vereador,9
4208500,2008,prefeito,1
4208500,2008,vereador,9
4208609,2008,prefeito,1
4208609,2008,vereador,9
4208708,2008,prefeito,1
4208708,2008,vereador,9
4208807,2008,prefeito,1
4208807,2008,vereador,9
4208906,2008,prefeito,1
4208906,2008,vereador,11
4208955,2008,prefeito,1
4208955,2008,vereador,9
4209003,2008,prefeito,1
4209003,2008,vereador,9
4209102,2008,prefeito,1
4209102,2008,vereador,19
4209151,2008,prefeito,1
4209151,2008,vereador,9
4209177,2008,prefeito,1
4209177,2008,vereador,9
4209201,2008,prefeito,1
4209201,2008,vereador,9
4209300,2008,prefeito,1
4209300,2008,vereador,12
4209409,2008,prefeito,1
4209409,2008,vereador,10
4209458,2008,prefeito,1
4209458,2008,vereador,9
4209508,2008,prefeito,1
4209508,2008,vereador,9
4209607,2008,prefeito,1
4209607,2008,vereador,9
4209706,2008,prefeito,1
4209706,2008,vereador,9
4209805,2008,prefeito,1
4209805,2008,vereador,9
4209854,2008,prefeito,1
4209854,2008,vereador,9
4209904,2008,prefeito,1
4209904,2008,vereador,9
4210001,2008,prefeito,1
4210001,2008,vereador,9
4210035,2008,prefeito,1
4210035,2008,vereador,9
4210050,2008,prefeito,1
4210050,2008,vereador,9
4210100,2008,prefeito,1
4210100,2008,vereador,10
4210209,2008,prefeito,1
4210209,2008,vereador,9
4210308,2008,prefeito,1
4210308,2008,vereador,9
4210407,2008,prefeito,1
4210407,2008,vereador,9
4210506,2008,prefeito,1
4210506,2008,vereador,9
4210555,2008,prefeito,1
4210555,2008,vereador,9
4210605,2008,prefeito,1
4210605,2008,vereador,9
4210704,2008,prefeito,1
4210704,2008,vereador,9
4210803,2008,prefeito,1
4210803,2008,vereador,9
4210852,2008,prefeito,1
4210852,2008,vereador,9
4210902,2008,prefeito,1
4210902,2008,vereador,9
4211009,2008,prefeito,1
4211009,2008,vereador,9
4211058,2008,prefeito,1
4211058,2008,vereador,9
4211108,2008,prefeito,1
4211108,2008,vereador,9
4211207,2008,prefeito,1
4211207,2008,vereador,9
4211256,2008,prefeito,1
4211256,2008,vereador,9
4211306,2008,prefeito,1
4211306,2008,vereador,10
4211405,2008,prefeito,1
4211405,2008,vereador,9
4211454,2008,prefeito,1
4211454,2008,vereador,9
4211504,2008,prefeito,1
4211504,2008,vereador,9
4211603,2008,prefeito,1
4211603,2008,vereador,9
4211652,2008,prefeito,1
4211652,2008,vereador,9
4211702,2008,prefeito,1
4211702,2008,vereador,9
4211751,2008,prefeito,1
4211751,2008,vereador,9
4211801,2008,prefeito,1
4211801,2008,vereador,9
4211850,2008,prefeito,1
4211850,2008,vereador,9
4211876,2008,prefeito,1
4211876,2008,vereador,9
4211892,2008,prefeito,1
4211892,2008,vereador,9
4211900,2008,prefeito,1
4211900,2008,vereador,11
4212007,2008,prefeito,1
4212007,2008,vereador,9
4212056,2008,prefeito,1
4212056,2008,vereador,9
4212106,2008,prefeito,1
4212106,2008,vereador,9
4212205,2008,prefeito,1
4212205,2008,vereador,9
4212239,2008,prefeito,1
4212239,2008,vereador,9
4212254,2008,prefeito,1
4212254,2008,vereador,9
4212270,2008,prefeito,1
4212270,2008,vereador,9
4212304,2008,prefeito,1
4212304,2008,vereador,9
4212403,2008,prefeito,1
4212403,2008,vereador,9
4212502,2008,prefeito,1
4212502,2008,vereador,9
4212601,2008,prefeito,1
4212601,2008,vereador,9
4212700,2008,prefeito,1
4212700,2008,vereador,9
4212809,2008,prefeito,1
4212809,2008,vereador,9
4212908,2008,prefeito,1
4212908,2008,vereador,9
4213005,2008,prefeito,1
4213005,2008,vereador,9
4213104,2008,prefeito,1
4213104,2008,vereador,9
4213153,2008,prefeito,1
4213153,2008,vereador,9
4213203,2008,prefeito,1
4213203,2008,vereador,9
4213302,2008,prefeito,1
4213302,2008,vereador,9
4213351,2008,prefeito,1
4213351,2008,vereador,9
4213401,2008,prefeito,1
4213401,2008,vereador,9
4213500,2008,prefeito,1
4213500,2008,vereador,9
4213609,2008,prefeito,1
4213609,2008,vereador,9
4213708,2008,prefeito,1
4213708,2008,vereador,9
4213807,2008,prefeito,1
4213807,2008,vereador,9
4213906,2008,prefeito,1
4213906,2008,vereador,9
4214003,2008,prefeito,1
4214003,2008,vereador,9
4214102,2008,prefeito,1
4214102,2008,vereador,9
4214151,2008,prefeito,1
4214151,2008,vereador,9
4214201,2008,prefeito,1
4214201,2008,vereador,9
4214300,2008,prefeito,1
4214300,2008,vereador,9
4214409,2008,prefeito,1
4214409,2008,vereador,9
4214508,2008,prefeito,1
4214508,2008,vereador,9
4214607,2008,prefeito,1
4214607,2008,vereador,9
4214706,2008,prefeito,1
4214706,2008,vereador,9
4214805,2008,prefeito,1
4214805,2008,vereador,10
4214904,2008,prefeito,1
4214904,2008,vereador,9
4215000,2008,prefeito,1
4215000,2008,vereador,9
4215059,2008,prefeito,1
4215059,2008,vereador,9
4215075,2008,prefeito,1
4215075,2008,vereador,9
4215109,2008,prefeito,1
4215109,2008,vereador,9
4215208,2008,prefeito,1
4215208,2008,vereador,9
4215307,2008,prefeito,1
4215307,2008,vereador,9
4215356,2008,prefeito,1
4215356,2008,vereador,9
4215406,2008,prefeito,1
4215406,2008,vereador,9
4215455,2008,prefeito,1
4215455,2008,vereador,9
4215505,2008,prefeito,1
4215505,2008,vereador,9
4215554,2008,prefeito,1
4215554,2008,vereador,9
4215604,2008,prefeito,1
4215604,2008,vereador,9
4215653,2008,prefeito,1
4215653,2008,vereador,9
4215679,2008,prefeito,1
4215679,2008,vereador,9
4215687,2008,prefeito,1
4215687,2008,vereador,9
4215695,2008,prefeito,1
4215695,2008,vereador,9
4215703,2008,prefeito,1
4215703,2008,vereador,9
4215752,2008,prefeito,1
4215752,2008,vereador,9
4215802,2008,prefeito,1
4215802,2008,vereador,10
4215901,2008,prefeito,1
4215901,2008,vereador,9
4216008,2008,prefeito,1
4216008,2008,vereador,9
4216057,2008,prefeito,1
4216057,2008,vereador,9
4216107,2008,prefeito,1
4216107,2008,vereador,9
4216206,2008,prefeito,1
4216206,2008,vereador,9
4216255,2008,prefeito,1
4216255,2008,vereador,9
4216305,2008,prefeito,1
4216305,2008,vereador,9
4216354,2008,prefeito,1
4216354,2008,vereador,9
4216404,2008,prefeito,1
4216404,2008,vereador,9
4216503,2008,prefeito,1
4216503,2008,vereador,9
4216602,2008,prefeito,1
4216602,2008,vereador,13
4216701,2008,prefeito,1
4216701,2008,vereador,9
4216800,2008,prefeito,1
4216800,2008,vereador,9
4216909,2008,prefeito,1
4216909,2008,vereador,9
4217006,2008,prefeito,1
4217006,2008,vereador,9
4217105,2008,prefeito,1
4217105,2008,vereador,9
4217154,2008,prefeito,1
4217154,2008,vereador,9
4217204,2008,prefeito,1
4217204,2008,vereador,9
4217253,2008,prefeito,1
4217253,2008,vereador,9
4217303,2008,prefeito,1
4217303,2008,vereador,9
4217402,2008,prefeito,1
4217402,2008,vereador,9
4217501,2008,prefeito,1
4217501,2008,vereador,9
4217550,2008,prefeito,1
4217550,2008,vereador,9
4217600,2008,prefeito,1
4217600,2008,vereador,9
4217709,2008,prefeito,1
4217709,2008,vereador,9
4217758,2008,prefeito,1
4217758,2008,vereador,9
4217808,2008,prefeito,1
4217808,2008,vereador,9
4217907,2008,prefeito,1
4217907,2008,vereador,9
4217956,2008,prefeito,1
4217956,2008,vereador,9
4218004,2008,prefeito,1
4218004,2008,vereador,9
4218103,2008,prefeito,1
4218103,2008,vereador,9
4218202,2008,prefeito,1
4218202,2008,vereador,9
4218251,2008,prefeito,1
4218251,2008,vereador,9
4218301,2008,prefeito,1
4218301,2008,vereador,9
4218350,2008,prefeito,1
4218350,2008,vereador,9
4218400,2008,prefeito,1
4218400,2008,vereador,9
4218509,2008,prefeito,1
4218509,2008,vereador,9
4218608,2008,prefeito,1
4218608,2008,vereador,9
4218707,2008,prefeito,1
4218707,2008,vereador,10
4218756,2008,prefeito,1
4218756,2008,vereador,9
4218806,2008,prefeito,1
4218806,2008,vereador,9
4218855,2008,prefeito,1
4218855,2008,vereador,9
4218905,2008,prefeito,1
4218905,2008,vereador,9
4218954,2008,prefeito,1
4218954,2008,vereador,9
4219002,2008,prefeito,1
4219002,2008,vereador,9
4219101,2008,prefeito,1
4219101,2008,vereador,9
4219150,2008,prefeito,1
4219150,2008,vereador,9
4219176,2008,prefeito,1
4219176,2008,vereador,9
4219200,2008,prefeito,1
4219200,2008,vereador,9
4219309,2008,prefeito,1
4219309,2008,vereador,9
4219358,2008,prefeito,1
4219358,2008,vereador,9
4219408,2008,prefeito,1
4219408,2008,vereador,9
4219507,2008,prefeito,1
4219507,2008,vereador,9
4219606,2008,prefeito,1
4219606,2008,vereador,9
4219705,2008,prefeito,1
4219705,2008,vereador,9
4219853,2008,prefeito,1
4219853,2008,vereador,9
,2010,deputado estadual,40
,2010,deputado federal,16
,2010,governador,1
,2010,senador,2
4200051,2012,prefeito,1
4200051,2012,vereador,9
4200051,2012,vice-prefeito,1
4200101,2012,prefeito,1
4200101,2012,vereador,11
4200101,2012,vice-prefeito,1
4200200,2012,prefeito,1
4200200,2012,vereador,9
4200200,2012,vice-prefeito,1
4200309,2012,prefeito,1
4200309,2012,vereador,9
4200309,2012,vice-prefeito,1
4200408,2012,prefeito,1
4200408,2012,vereador,9
4200408,2012,vice-prefeito,1
4200507,2012,prefeito,1
4200507,2012,vereador,9
4200507,2012,vice-prefeito,1
4200556,2012,prefeito,1
4200556,2012,vereador,9
4200556,2012,vice-prefeito,1
4200606,2012,prefeito,1
4200606,2012,vereador,9
4200606,2012,vice-prefeito,1
4200705,2012,prefeito,1
4200705,2012,vereador,9
4200705,2012,vice-prefeito,1
4200754,2012,prefeito,1
4200754,2012,vereador,9
4200754,2012,vice-prefeito,1
4200804,2012,prefeito,1
4200804,2012,vereador,9
4200804,2012,vice-prefeito,1
4200903,2012,prefeito,1
4200903,2012,vereador,9
4200903,2012,vice-prefeito,1
4201000,2012,prefeito,1
4201000,2012,vereador,9
4201000,2012,vice-prefeito,1
4201109,2012,prefeito,1
4201109,2012,vereador,9
4201109,2012,vice-prefeito,1
4201208,2012,prefeito,1
4201208,2012,vereador,9
4201208,2012,vice-prefeito,1
4201257,2012,prefeito,1
4201257,2012,vereador,9
4201257,2012,vice-prefeito,1
4201273,2012,prefeito,1
4201273,2012,vereador,9
4201273,2012,vice-prefeito,1
4201307,2012,prefeito,1
4201307,2012,vereador,11
4201307,2012,vice-prefeito,1
4201406,2012,prefeito,1
4201406,2012,vereador,15
4201406,2012,vice-prefeito,1
4201505,2012,prefeito,1
4201505,2012,vereador,9
4201505,2012,vice-prefeito,1
4201604,2012,prefeito,1
4201604,2012,vereador,9
4201604,2012,vice-prefeito,1
4201653,2012,prefeito,1
4201653,2012,vereador,9
4201653,2012,vice-prefeito,1
4201703,2012,prefeito,1
4201703,2012,vereador,9
4201703,2012,vice-prefeito,1
4201802,2012,prefeito,1
4201802,2012,vereador,9
4201802,2012,vice-prefeito,1
4201901,2012,prefeito,1
4201901,2012,vereador,9
4201901,2012,vice-prefeito,1
4201950,2012,prefeito,1
4201950,2012,vereador,9
4201950,2012,vice-prefeito,1
4202008,2012,prefeito,1
4202008,2012,vereador,13
4202008,2012,vice-prefeito,1
4202057,2012,prefeito,1
4202057,2012,vereador,9
4202057,2012,vice-prefeito,1
4202073,2012,prefeito,1
4202073,2012,vereador,9
4202073,2012,vice-prefeito,1
4202081,2012,prefeito,1
4202081,2012,vereador,9
4202081,2012,vice-prefeito,1
4202099,2012,prefeito,1
4202099,2012,vereador,9
4202099,2012,vice-prefeito,1
4202107,2012,prefeito,1
4202107,2012,vereador,9
4202107,2012,vice-prefeito,1
4202131,2012,prefeito,1
4202131,2012,vereador,9
4202131,2012,vice-prefeito,1
4202156,2012,prefeito,1
4202156,2012,vereador,9
4202156,2012,vice-prefeito,1
4202206,2012,prefeito,1
4202206,2012,vereador,9
4202206,2012,vice-prefeito,1
4202305,2012,prefeito,1
4202305,2012,vereador,15
4202305,2012,vice-prefeito,1
4202404,2012,prefeito,1
4202404,2012,vereador,15
4202404,2012,vice-prefeito,1
4202438,2012,prefeito,1
4202438,2012,vereador,9
4202438,2012,vice-prefeito,1
4202453,2012,prefeito,1
4202453,2012,vereador,9
4202453,2012,vice-prefeito,1
4202503,2012,prefeito,1
4202503,2012,vereador,9
4202503,2012,vice-prefeito,1
4202537,2012,prefeito,1
4202537,2012,vereador,9
4202537,2012,vice-prefeito,1
4202578,2012,prefeito,1
4202578,2012,vereador,9
4202578,2012,vice-prefeito,1
4202602,2012,prefeito,1
4202602,2012,vereador,9
4202602,2012,vice-prefeito,1
4202701,2012,prefeito,1
4202701,2012,vereador,9
4202701,2012,vice-prefeito,1
4202800,2012,prefeito,1
4202800,2012,vereador,11
4202800,2012,vice-prefeito,1
4202859,2012,prefeito,1
4202859,2012,vereador,9
4202859,2012,vice-prefeito,1
4202875,2012,prefeito,1
4202875,2012,vereador,9
4202875,2012,vice-prefeito,1
4202909,2012,prefeito,1
4202909,2012,vereador,15
4202909,2012,vice-prefeito,1
4203006,2012,prefeito,1
4203006,2012,vereador,13
4203006,2012,vice-prefeito,1
4203105,2012,prefeito,1
4203105,2012,vereador,9
4203105,2012,vice-prefeito,1
4203154,2012,prefeito,1
4203154,2012,vereador,9
4203154,2012,vice-prefeito,1
4203204,2012,prefeito,1
4203204,2012,vereador,15
4203204,2012,vice-prefeito,1
4203253,2012,prefeito,1
4203253,2012,vereador,9
4203253,2012,vice-prefeito,1
4203303,2012,prefeito,1
4203303,2012,vereador,9
4203303,2012,vice-prefeito,1
4203402,2012,prefeito,1
4203402,2012,vereador,9
4203402,2012,vice-prefeito,1
4203501,2012,prefeito,1
4203501,2012,vereador,9
4203501,2012,vice-prefeito,1
4203600,2012,prefeito,1
4203600,2012,vereador,9
4203600,2012,vice-prefeito,1
4203709,2012,prefeito,1
4203709,2012,vereador,9
4203709,2012,vice-prefeito,1
4203808,2012,prefeito,1
4203808,2012,vereador,10
4203808,2012,vice-prefeito,1
4203907,2012,prefeito,1
4203907,2012,vereador,9
4203907,2012,vice-prefeito,1
4203956,2012,prefeito,1
4203956,2012,vereador,11
4203956,2012,vice-prefeito,1
4204004,2012,prefeito,1
4204004,2012,vereador,9
4204004,2012,vice-prefeito,1
4204103,2012,prefeito,1
4204103,2012,vereador,9
4204103,2012,vice-prefeito,1
4204152,2012,prefeito,1
4204152,2012,vereador,9
4204152,2012,vice-prefeito,1
4204178,2012,prefeito,1
4204178,2012,vereador,9
4204178,2012,vice-prefeito,1
4204194,2012,prefeito,1
4204194,2012,vereador,9
4204194,2012,vice-prefeito,1
4204202,2012,prefeito,1
4204202,2012,vereador,21
4204202,2012,vice-prefeito,1
4204251,2012,prefeito,1
4204251,2012,vereador,9
4204251,2012,vice-prefeito,1
4204301,2012,prefeito,1
4204301,2012,vereador,13
4204301,2012,vice-prefeito,1
4204350,2012,prefeito,1
4204350,2012,vereador,9
4204350,2012,vice-prefeito,1
4204400,2012,prefeito,1
4204400,2012,vereador,9
4204400,2012,vice-prefeito,1
4204459,2012,prefeito,1
4204459,2012,vereador,9
4204459,2012,vice-prefeito,1
4204509,2012,prefeito,1
4204509,2012,vereador,9
4204509,2012,vice-prefeito,1
4204558,2012,prefeito,1
4204558,2012,vereador,9
4204558,2012,vice-prefeito,1
4204608,2012,prefeito,1
4204608,2012,vereador,17
4204608,2012,vice-prefeito,1
4204707,2012,prefeito,1
4204707,2012,vereador,9
4204707,2012,vice-prefeito,1
4204756,2012,prefeito,1
4204756,2012,vereador,9
4204756,2012,vice-prefeito,1
4204806,2012,prefeito,1
4204806,2012,vereador,13
4204806,2012,vice-prefeito,1
4204905,2012,prefeito,1
4204905,2012,vereador,9
4204905,2012,vice-prefeito,1
4205001,2012,prefeito,1
4205001,2012,vereador,9
4205001,2012,vice-prefeito,1
4205100,2012,prefeito,1
4205100,2012,vereador,9
4205100,2012,vice-prefeito,1
4205159,2012,prefeito,1
4205159,2012,vereador,9
4205159,2012,vice-prefeito,1
4205175,2012,prefeito,1
4205175,2012,vereador,9
4205175,2012,vice-prefeito,1
4205191,2012,prefeito,1
4205191,2012,vereador,9
4205191,2012,vice-prefeito,1
4205209,2012,prefeito,1
4205209,2012,vereador,9
4205209,2012,vice-prefeito,1
4205308,2012,prefeito,1
4205308,2012,vereador,9
4205308,2012,vice-prefeito,1
4205357,2012,prefeito,1
4205357,2012,vereador,9
4205357,2012,vice-prefeito,1
4205407,2012,prefeito,1
4205407,2012,vereador,23
4205407,2012,vice-prefeito,1
4205431,2012,prefeito,1
4205431,2012,vereador,9
4205431,2012,vice-prefeito,1
4205456,2012,prefeito,1
4205456,2012,vereador,9
4205456,2012,vice-prefeito,1
4205506,2012,prefeito,1
4205506,2012,vereador,11
4205506,2012,vice-prefeito,1
4205555,2012,prefeito,1
4205555,2012,vereador,9
4205555,2012,vice-prefeito,1
4205605,2012,prefeito,1
4205605,2012,vereador,9
4205605,2012,vice-prefeito,1
4205704,2012,prefeito,1
4205704,2012,vereador,9
4205704,2012,vice-prefeito,1
4205803,2012,prefeito,1
4205803,2012,vereador,9
4205803,2012,vice-prefeito,1
4205902,2012,prefeito,1
4205902,2012,vereador,13
4205902,2012,vice-prefeito,1
4206009,2012,prefeito,1
4206009,2012,vereador,9
4206009,2012,vice-prefeito,1
4206108,2012,prefeito,1
4206108,2012,vereador,9
4206108,2012,vice-prefeito,1
4206207,2012,prefeito,1
4206207,2012,vereador,9
4206207,2012,vice-prefeito,1
4206306,2012,prefeito,1
4206306,2012,vereador,9
4206306,2012,vice-prefeito,1
4206405,2012,prefeito,1
4206405,2012,vereador,9
4206405,2012,vice-prefeito,1
4206504,2012,prefeito,1
4206504,2012,vereador,9
4206504,2012,vice-prefeito,1
4206603,2012,prefeito,1
4206603,2012,vereador,9
4206603,2012,vice-prefeito,1
4206652,2012,prefeito,1
4206652,2012,vereador,9
4206652,2012,vice-prefeito,1
4206702,2012,prefeito,1
4206702,2012,vereador,11
4206702,2012,vice-prefeito,1
4206751,2012,prefeito,1
4206751,2012,vereador,9
4206751,2012,vice-prefeito,1
4206801,2012,prefeito,1
4206801,2012,vereador,9
4206801,2012,vice-prefeito,1
4206900,2012,prefeito,1
4206900,2012,vereador,11
4206900,2012,vice-prefeito,1
4207007,2012,prefeito,1
4207007,2012,vereador,11
4207007,2012,vice-prefeito,1
4207106,2012,prefeito,1
4207106,2012,vereador,9
4207106,2012,vice-prefeito,1
4207205,2012,prefeito,1
4207205,2012,vereador,9
4207205,2012,vice-prefeito,1
4207304,2012,prefeito,1
4207304,2012,vereador,13
4207304,2012,vice-prefeito,1
4207403,2012,prefeito,1
4207403,2012,vereador,9
4207403,2012,vice-prefeito,1
4207502,2012,prefeito,1
4207502,2012,vereador,13
4207502,2012,vice-prefeito,1
4207577,2012,prefeito,1
4207577,2012,vereador,9
4207577,2012,vice-prefeito,1
4207601,2012,prefeito,1
4207601,2012,vereador,9
4207601,2012,vice-prefeito,1
4207650,2012,prefeito,1
4207650,2012,vereador,9
4207650,2012,vice-prefeito,1
4207684,2012,prefeito,1
4207684,2012,vereador,9
4207684,2012,vice-prefeito,1
4207700,2012,prefeito,1
4207700,2012,vereador,9
4207700,2012,vice-prefeito,1
4207759,2012,prefeito,1
4207759,2012,vereador,9
4207759,2012,vice-prefeito,1
4207809,2012,prefeito,1
4207809,2012,vereador,9
4207809,2012,vice-prefeito,1
4207858,2012,prefeito,1
4207858,2012,vereador,9
4207858,2012,vice-prefeito,1
4207908,2012,prefeito,1
4207908,2012,vereador,9
4207908,2012,vice-prefeito,1
4208005,2012,prefeito,1
4208005,2012,vereador,9
4208005,2012,vice-prefeito,1
4208104,2012,prefeito,1
4208104,2012,vereador,9
4208104,2012,vice-prefeito,1
4208203,2012,prefeito,1
4208203,2012,vereador,21
4208203,2012,vice-prefeito,1
4208302,2012,prefeito,1
4208302,2012,vereador,13
4208302,2012,vice-prefeito,1
4208401,2012,prefeito,1
4208401,2012,vereador,11
4208401,2012,vice-prefeito,1
4208450,2012,prefeito,1
4208450,2012,vereador,9
4208450,2012,vice-prefeito,1
4208500,2012,prefeito,1
4208500,2012,vereador,11
4208500,2012,vice-prefeito,1
4208609,2012,prefeito,1
4208609,2012,vereador,9
4208609,2012,vice-prefeito,1
4208708,2012,prefeito,1
4208708,2012,vereador,9
4208708,2012,vice-prefeito,1
4208807,2012,prefeito,1
4208807,2012,vereador,11
4208807,2012,vice-prefeito,1
4208906,2012,prefeito,1
4208906,2012,vereador,11
4208906,2012,vice-prefeito,1
4208955,2012,prefeito,1
4208955,2012,vereador,9
4208955,2012,vice-prefeito,1
4209003,2012,prefeito,1
4209003,2012,vereador,9
4209003,2012,vice-prefeito,1
4209102,2012,prefeito,1
4209102,2012,vereador,19
4209102,2012,vice-prefeito,1
4209151,2012,prefeito,1
4209151,2012,vereador,9
4209151,2012,vice-prefeito,1
4209177,2012,prefeito,1
4209177,2012,vereador,9
4209177,2012,vice-prefeito,1
4209201,2012,prefeito,1
4209201,2012,vereador,9
4209201,2012,vice-prefeito,1
4209300,2012,prefeito,1
4209300,2012,vereador,19
4209300,2012,vice-prefeito,1
4209409,2012,prefeito,1
4209409,2012,vereador,13
4209409,2012,vice-prefeito,1
4209458,2012,prefeito,1
4209458,2012,vereador,9
4209458,2012,vice-prefeito,1
4209508,2012,prefeito,1
4209508,2012,vereador,9
4209508,2012,vice-prefeito,1
4209607,2012,prefeito,1
4209607,2012,vereador,9
4209607,2012,vice-prefeito,1
4209706,2012,prefeito,1
4209706,2012,vereador,9
4209706,2012,vice-prefeito,1
4209805,2012,prefeito,1
4209805,2012,vereador,9
4209805,2012,vice-prefeito,1
4209854,2012,prefeito,1
4209854,2012,vereador,9
4209854,2012,vice-prefeito,1
4209904,2012,prefeito,1
4209904,2012,vereador,9
4209904,2012,vice-prefeito,1
4210001,2012,prefeito,1
4210001,2012,vereador,9
4210001,2012,vice-prefeito,1
4210035,2012,prefeito,1
4210035,2012,vereador,9
4210035,2012,vice-prefeito,1
4210050,2012,prefeito,1
4210050,2012,vereador,9
4210050,2012,vice-prefeito,1
4210100,2012,prefeito,1
4210100,2012,vereador,10
4210100,2012,vice-prefeito,1
4210209,2012,prefeito,1
4210209,2012,vereador,9
4210209,2012,vice-prefeito,1
4210308,2012,prefeito,1
4210308,2012,vereador,9
4210308,2012,vice-prefeito,1
4210407,2012,prefeito,1
4210407,2012,vereador,9
4210407,2012,vice-prefeito,1
4210506,2012,prefeito,1
4210506,2012,vereador,11
4210506,2012,vice-prefeito,1
4210555,2012,prefeito,1
4210555,2012,vereador,9
4210555,2012,vice-prefeito,1
4210605,2012,prefeito,1
4210605,2012,vereador,9
4210605,2012,vice-prefeito,1
4210704,2012,prefeito,1
4210704,2012,vereador,9
4210704,2012,vice-prefeito,1
4210803,2012,prefeito,1
4210803,2012,vereador,9
4210803,2012,vice-prefeito,1
4210852,2012,prefeito,1
4210852,2012,vereador,9
4210852,2012,vice-prefeito,1
4210902,2012,prefeito,1
4210902,2012,vereador,9
4210902,2012,vice-prefeito,1
4211009,2012,prefeito,1
4211009,2012,vereador,9
4211009,2012,vice-prefeito,1
4211058,2012,prefeito,1
4211058,2012,vereador,9
4211058,2012,vice-prefeito,1
4211108,2012,prefeito,1
4211108,2012,vereador,9
4211108,2012,vice-prefeito,1
4211207,2012,prefeito,1
4211207,2012,vereador,9
4211207,2012,vice-prefeito,1
4211256,2012,prefeito,1
4211256,2012,vereador,9
4211256,2012,vice-prefeito,1
4211306,2012,prefeito,1
4211306,2012,vereador,10
4211306,2012,vice-prefeito,1
4211405,2012,prefeito,1
4211405,2012,vereador,9
4211405,2012,vice-prefeito,1
4211454,2012,prefeito,1
4211454,2012,vereador,9
4211454,2012,vice-prefeito,1
4211504,2012,prefeito,1
4211504,2012,vereador,9
4211504,2012,vice-prefeito,1
4211603,2012,prefeito,1
4211603,2012,vereador,9
4211603,2012,vice-prefeito,1
4211652,2012,prefeito,1
4211652,2012,vereador,9
4211652,2012,vice-prefeito,1
4211702,2012,prefeito,1
4211702,2012,vereador,11
4211702,2012,vice-prefeito,1
4211751,2012,prefeito,1
4211751,2012,vereador,11
4211751,2012,vice-prefeito,1
4211801,2012,prefeito,1
4211801,2012,vereador,9
4211801,2012,vice-prefeito,1
4211850,2012,prefeito,1
4211850,2012,vereador,9
4211850,2012,vice-prefeito,1
4211876,2012,prefeito,1
4211876,2012,vereador,9
4211876,2012,vice-prefeito,1
4211892,2012,prefeito,1
4211892,2012,vereador,9
4211892,2012,vice-prefeito,1
4211900,2012,prefeito,1
4211900,2012,vereador,11
4211900,2012,vice-prefeito,1
4212007,2012,prefeito,1
4212007,2012,vereador,9
4212007,2012,vice-prefeito,1
4212056,2012,prefeito,1
4212056,2012,vereador,9
4212056,2012,vice-prefeito,1
4212106,2012,prefeito,1
4212106,2012,vereador,11
4212106,2012,vice-prefeito,1
4212205,2012,prefeito,1
4212205,2012,vereador,9
4212205,2012,vice-prefeito,1
4212239,2012,prefeito,1
4212239,2012,vereador,9
4212239,2012,vice-prefeito,1
4212254,2012,prefeito,1
4212254,2012,vereador,9
4212254,2012,vice-prefeito,1
4212270,2012,prefeito,1
4212270,2012,vereador,9
4212270,2012,vice-prefeito,1
4212304,2012,prefeito,1
4212304,2012,vereador,9
4212304,2012,vice-prefeito,1
4212403,2012,prefeito,1
4212403,2012,vereador,9
4212403,2012,vice-prefeito,1
4212502,2012,prefeito,1
4212502,2012,vereador,11
4212502,2012,vice-prefeito,1
4212601,2012,prefeito,1
4212601,2012,vereador,9
4212601,2012,vice-prefeito,1
4212650,2012,prefeito,1
4212650,2012,vereador,9
4212650,2012,vice-prefeito,1
4212700,2012,prefeito,1
4212700,2012,vereador,9
4212700,2012,vice-prefeito,1
4212809,2012,prefeito,1
4212809,2012,vereador,11
4212809,2012,vice-prefeito,1
4212908,2012,prefeito,1
4212908,2012,vereador,11
4212908,2012,vice-prefeito,1
4213005,2012,prefeito,1
4213005,2012,vereador,9
4213005,2012,vice-prefeito,1
4213104,2012,prefeito,1
4213104,2012,vereador,9
4213104,2012,vice-prefeito,1
4213153,2012,prefeito,1
4213153,2012,vereador,9
4213153,2012,vice-prefeito,1
4213203,2012,prefeito,1
4213203,2012,vereador,9
4213203,2012,vice-prefeito,1
4213302,2012,prefeito,1
4213302,2012,vereador,9
4213302,2012,vice-prefeito,1
4213351,2012,prefeito,1
4213351,2012,vereador,9
4213351,2012,vice-prefeito,1
4213401,2012,prefeito,1
4213401,2012,vereador,9
4213401,2012,vice-prefeito,1
4213500,2012,prefeito,1
4213500,2012,vereador,11
4213500,2012,vice-prefeito,1
4213609,2012,prefeito,1
4213609,2012,vereador,9
4213609,2012,vice-prefeito,1
4213708,2012,prefeito,1
4213708,2012,vereador,9
4213708,2012,vice-prefeito,1
4213807,2012,prefeito,1
4213807,2012,vereador,9
4213807,2012,vice-prefeito,1
4213906,2012,prefeito,1
4213906,2012,vereador,9
4213906,2012,vice-prefeito,1
4214003,2012,prefeito,1
4214003,2012,vereador,9
4214003,2012,vice-prefeito,1
4214102,2012,prefeito,1
4214102,2012,vereador,9
4214102,2012,vice-prefeito,1
4214151,2012,prefeito,1
4214151,2012,vereador,9
4214151,2012,vice-prefeito,1
4214201,2012,prefeito,1
4214201,2012,vereador,9
4214201,2012,vice-prefeito,1
4214300,2012,prefeito,1
4214300,2012,vereador,9
4214300,2012,vice-prefeito,1
4214409,2012,prefeito,1
4214409,2012,vereador,9
4214409,2012,vice-prefeito,1
4214508,2012,prefeito,1
4214508,2012,vereador,9
4214508,2012,vice-prefeito,1
4214607,2012,prefeito,1
4214607,2012,vereador,9
4214607,2012,vice-prefeito,1
4214706,2012,prefeito,1
4214706,2012,vereador,9
4214706,2012,vice-prefeito,1
4214805,2012,prefeito,1
4214805,2012,vereador,10
4214805,2012,vice-prefeito,1
4214904,2012,prefeito,1
4214904,2012,vereador,9
4214904,2012,vice-prefeito,1
4215000,2012,prefeito,1
4215000,2012,vereador,9
4215000,2012,vice-prefeito,1
4215059,2012,prefeito,1
4215059,2012,vereador,9
4215059,2012,vice-prefeito,1
4215075,2012,prefeito,1
4215075,2012,vereador,9
4215075,2012,vice-prefeito,1
4215109,2012,prefeito,1
4215109,2012,vereador,9
4215109,2012,vice-prefeito,1
4215208,2012,prefeito,1
4215208,2012,vereador,9
4215208,2012,vice-prefeito,1
4215307,2012,prefeito,1
4215307,2012,vereador,9
4215307,2012,vice-prefeito,1
4215356,2012,prefeito,1
4215356,2012,vereador,9
4215356,2012,vice-prefeito,1
4215406,2012,prefeito,1
4215406,2012,vereador,9
4215406,2012,vice-prefeito,1
4215455,2012,prefeito,1
4215455,2012,vereador,9
4215455,2012,vice-prefeito,1
4215505,2012,prefeito,1
4215505,2012,vereador,11
4215505,2012,vice-prefeito,1
4215554,2012,prefeito,1
4215554,2012,vereador,9
4215554,2012,vice-prefeito,1
4215604,2012,prefeito,1
4215604,2012,vereador,9
4215604,2012,vice-prefeito,1
4215653,2012,prefeito,1
4215653,2012,vereador,9
4215653,2012,vice-prefeito,1
4215679,2012,prefeito,1
4215679,2012,vereador,9
4215679,2012,vice-prefeito,1
4215687,2012,prefeito,1
4215687,2012,vereador,9
4215687,2012,vice-prefeito,1
4215695,2012,prefeito,1
4215695,2012,vereador,9
4215695,2012,vice-prefeito,1
4215703,2012,prefeito,1
4215703,2012,vereador,11
4215703,2012,vice-prefeito,1
4215752,2012,prefeito,1
4215752,2012,vereador,9
4215752,2012,vice-prefeito,1
4215802,2012,prefeito,1
4215802,2012,vereador,10
4215802,2012,vice-prefeito,1
4215901,2012,prefeito,1
4215901,2012,vereador,9
4215901,2012,vice-prefeito,1
4216008,2012,prefeito,1
4216008,2012,vereador,9
4216008,2012,vice-prefeito,1
4216057,2012,prefeito,1
4216057,2012,vereador,9
4216057,2012,vice-prefeito,1
4216107,2012,prefeito,1
4216107,2012,vereador,9
4216107,2012,vice-prefeito,1
4216206,2012,prefeito,1
4216206,2012,vereador,9
4216206,2012,vice-prefeito,1
4216255,2012,prefeito,1
4216255,2012,vereador,9
4216255,2012,vice-prefeito,1
4216305,2012,prefeito,1
4216305,2012,vereador,9
4216305,2012,vice-prefeito,1
4216354,2012,prefeito,1
4216354,2012,vereador,9
4216354,2012,vice-prefeito,1
4216404,2012,prefeito,1
4216404,2012,vereador,9
4216404,2012,vice-prefeito,1
4216503,2012,prefeito,1
4216503,2012,vereador,9
4216503,2012,vice-prefeito,1
4216602,2012,prefeito,1
4216602,2012,vereador,13
4216602,2012,vice-prefeito,1
4216701,2012,prefeito,1
4216701,2012,vereador,9
4216701,2012,vice-prefeito,1
4216800,2012,prefeito,1
4216800,2012,vereador,9
4216800,2012,vice-prefeito,1
4216909,2012,prefeito,1
4216909,2012,vereador,9
4216909,2012,vice-prefeito,1
4217006,2012,prefeito,1
4217006,2012,vereador,9
4217006,2012,vice-prefeito,1
4217105,2012,prefeito,1
4217105,2012,vereador,9
4217105,2012,vice-prefeito,1
4217154,2012,prefeito,1
4217154,2012,vereador,9
4217154,2012,vice-prefeito,1
4217204,2012,prefeito,1
4217204,2012,vereador,9
4217204,2012,vice-prefeito,1
4217253,2012,prefeito,1
4217253,2012,vereador,9
4217253,2012,vice-prefeito,1
4217303,2012,prefeito,1
4217303,2012,vereador,9
4217303,2012,vice-prefeito,1
4217402,2012,prefeito,1
4217402,2012,vereador,9
4217402,2012,vice-prefeito,1
4217501,2012,prefeito,1
4217501,2012,vereador,11
4217501,2012,vice-prefeito,1
4217550,2012,prefeito,1
4217550,2012,vereador,9
4217550,2012,vice-prefeito,1
4217600,2012,prefeito,1
4217600,2012,vereador,9
4217600,2012,vice-prefeito,1
4217709,2012,prefeito,1
4217709,2012,vereador,11
4217709,2012,vice-prefeito,1
4217758,2012,prefeito,1
4217758,2012,vereador,9
4217758,2012,vice-prefeito,1
4217808,2012,prefeito,1
4217808,2012,vereador,9
4217808,2012,vice-prefeito,1
4217907,2012,prefeito,1
4217907,2012,vereador,9
4217907,2012,vice-prefeito,1
4217956,2012,prefeito,1
4217956,2012,vereador,9
4217956,2012,vice-prefeito,1
4218004,2012,prefeito,1
4218004,2012,vereador,13
4218004,2012,vice-prefeito,1
4218103,2012,prefeito,1
4218103,2012,vereador,9
4218103,2012,vice-prefeito,1
4218202,2012,prefeito,1
4218202,2012,vereador,9
4218202,2012,vice-prefeito,1
4218251,2012,prefeito,1
4218251,2012,vereador,9
4218251,2012,vice-prefeito,1
4218301,2012,prefeito,1
4218301,2012,vereador,11
4218301,2012,vice-prefeito,1
4218350,2012,prefeito,1
4218350,2012,vereador,9
4218350,2012,vice-prefeito,1
4218400,2012,prefeito,1
4218400,2012,vereador,9
4218400,2012,vice-prefeito,1
4218509,2012,prefeito,1
4218509,2012,vereador,9
4218509,2012,vice-prefeito,1
4218608,2012,prefeito,1
4218608,2012,vereador,9
4218608,2012,vice-prefeito,1
4218707,2012,prefeito,1
4218707,2012,vereador,17
4218707,2012,vice-prefeito,1
4218756,2012,prefeito,1
4218756,2012,vereador,9
4218756,2012,vice-prefeito,1
4218806,2012,prefeito,1
4218806,2012,vereador,9
4218806,2012,vice-prefeito,1
4218855,2012,prefeito,1
4218855,2012,vereador,9
4218855,2012,vice-prefeito,1
4218905,2012,prefeito,1
4218905,2012,vereador,9
4218905,2012,vice-prefeito,1
4218954,2012,prefeito,1
4218954,2012,vereador,9
4218954,2012,vice-prefeito,1
4219002,2012,prefeito,1
4219002,2012,vereador,9
4219002,2012,vice-prefeito,1
4219101,2012,prefeito,1
4219101,2012,vereador,9
4219101,2012,vice-prefeito,1
4219150,2012,prefeito,1
4219150,2012,vereador,9
4219150,2012,vice-prefeito,1
4219176,2012,prefeito,1
4219176,2012,vereador,9
4219176,2012,vice-prefeito,1
4219200,2012,prefeito,1
4219200,2012,vereador,9
4219200,2012,vice-prefeito,1
4219309,2012,prefeito,1
4219309,2012,vereador,11
4219309,2012,vice-prefeito,1
4219358,2012,prefeito,1
4219358,2012,vereador,9
4219358,2012,vice-prefeito,1
4219408,2012,prefeito,1
4219408,2012,vereador,9
4219408,2012,vice-prefeito,1
4219507,2012,prefeito,1
4219507,2012,vereador,9
4219507,2012,vice-prefeito,1
4219606,2012,prefeito,1
4219606,2012,vereador,9
4219606,2012,vice-prefeito,1
4219705,2012,prefeito,1
4219705,2012,vereador,11
4219705,2012,vice-prefeito,1
4219853,2012,prefeito,1
4219853,2012,vereador,9
4219853,2012,vice-prefeito,1
4220000,2012,prefeito,1
4220000,2012,vereador,9
4220000,2012,vice-prefeito,1
,2014,1 suplente,1
,2014,2 suplente,1
,2014,deputado estadual,40
,2014,deputado federal,16
,2014,governador,1
,2014,senador,1
,2014,vice-governador,1
4200051,2016,prefeito,1
4200051,2016,vereador,9
4200051,2016,vice-prefeito,1
4200101,2016,prefeito,1
4200101,2016,vereador,11
4200101,2016,vice-prefeito,1
4200200,2016,prefeito,1
4200200,2016,vereador,9
4200200,2016,vice-prefeito,1
4200309,2016,prefeito,1
4200309,2016,vereador,9
4200309,2016,vice-prefeito,1
4200408,2016,prefeito,1
4200408,2016,vereador,9
4200408,2016,vice-prefeito,1
4200507,2016,prefeito,1
4200507,2016,vereador,9
4200507,2016,vice-prefeito,1
4200556,2016,prefeito,1
4200556,2016,vereador,9
4200556,2016,vice-prefeito,1
4200606,2016,prefeito,1
4200606,2016,vereador,9
4200606,2016,vice-prefeito,1
4200705,2016,prefeito,1
4200705,2016,vereador,9
4200705,2016,vice-prefeito,1
4200754,2016,prefeito,1
4200754,2016,vereador,9
4200754,2016,vice-prefeito,1
4200804,2016,prefeito,1
4200804,2016,vereador,9
4200804,2016,vice-prefeito,1
4200903,2016,prefeito,1
4200903,2016,vereador,9
4200903,2016,vice-prefeito,1
4201000,2016,prefeito,1
4201000,2016,vereador,9
4201000,2016,vice-prefeito,1
4201109,2016,prefeito,1
4201109,2016,vereador,9
4201109,2016,vice-prefeito,1
4201208,2016,prefeito,1
4201208,2016,vereador,9
4201208,2016,vice-prefeito,1
4201257,2016,prefeito,1
4201257,2016,vereador,9
4201257,2016,vice-prefeito,1
4201273,2016,prefeito,1
4201273,2016,vereador,9
4201273,2016,vice-prefeito,1
4201307,2016,prefeito,1
4201307,2016,vereador,13
4201307,2016,vice-prefeito,1
4201406,2016,prefeito,1
4201406,2016,vereador,15
4201406,2016,vice-prefeito,1
4201505,2016,prefeito,1
4201505,2016,vereador,9
4201505,2016,vice-prefeito,1
4201604,2016,prefeito,1
4201604,2016,vereador,9
4201604,2016,vice-prefeito,1
4201653,2016,prefeito,1
4201653,2016,vereador,9
4201653,2016,vice-prefeito,1
4201703,2016,prefeito,1
4201703,2016,vereador,9
4201703,2016,vice-prefeito,1
4201802,2016,prefeito,1
4201802,2016,vereador,9
4201802,2016,vice-prefeito,1
4201901,2016,prefeito,1
4201901,2016,vereador,9
4201901,2016,vice-prefeito,1
4201950,2016,prefeito,1
4201950,2016,vereador,9
4201950,2016,vice-prefeito,1
4202008,2016,prefeito,1
4202008,2016,vereador,19
4202008,2016,vice-prefeito,1
4202057,2016,prefeito,1
4202057,2016,vereador,9
4202057,2016,vice-prefeito,1
4202073,2016,prefeito,1
4202073,2016,vereador,9
4202073,2016,vice-prefeito,1
4202081,2016,prefeito,1
4202081,2016,vereador,9
4202081,2016,vice-prefeito,1
4202099,2016,prefeito,1
4202099,2016,vereador,9
4202099,2016,vice-prefeito,1
4202107,2016,prefeito,1
4202107,2016,vereador,9
4202107,2016,vice-prefeito,1
4202131,2016,prefeito,1
4202131,2016,vereador,9
4202131,2016,vice-prefeito,1
4202156,2016,prefeito,1
4202156,2016,vereador,9
4202156,2016,vice-prefeito,1
4202206,2016,prefeito,1
4202206,2016,vereador,9
4202206,2016,vice-prefeito,1
4202305,2016,prefeito,1
4202305,2016,vereador,15
4202305,2016,vice-prefeito,1
4202404,2016,prefeito,1
4202404,2016,vereador,15
4202404,2016,vice-prefeito,1
4202438,2016,prefeito,1
4202438,2016,vereador,9
4202438,2016,vice-prefeito,1
4202453,2016,prefeito,1
4202453,2016,vereador,9
4202453,2016,vice-prefeito,1
4202503,2016,prefeito,1
4202503,2016,vereador,9
4202503,2016,vice-prefeito,1
4202537,2016,prefeito,1
4202537,2016,vereador,9
4202537,2016,vice-prefeito,1
4202578,2016,prefeito,1
4202578,2016,vereador,9
4202578,2016,vice-prefeito,1
4202602,2016,prefeito,1
4202602,2016,vereador,9
4202602,2016,vice-prefeito,1
4202701,2016,prefeito,1
4202701,2016,vereador,9
4202701,2016,vice-prefeito,1
4202800,2016,prefeito,1
4202800,2016,vereador,11
4202800,2016,vice-prefeito,1
4202859,2016,prefeito,1
4202859,2016,vereador,9
4202859,2016,vice-prefeito,1
4202875,2016,prefeito,1
4202875,2016,vereador,9
4202875,2016,vice-prefeito,1
4202909,2016,prefeito,1
4202909,2016,vereador,15
4202909,2016,vice-prefeito,1
4203006,2016,prefeito,1
4203006,2016,vereador,13
4203006,2016,vice-prefeito,1
4203105,2016,prefeito,1
4203105,2016,vereador,9
4203105,2016,vice-prefeito,1
4203154,2016,prefeito,1
4203154,2016,vereador,9
4203154,2016,vice-prefeito,1
4203204,2016,prefeito,1
4203204,2016,vereador,15
4203204,2016,vice-prefeito,1
4203253,2016,prefeito,1
4203253,2016,vereador,9
4203253,2016,vice-prefeito,1
4203303,2016,prefeito,1
4203303,2016,vereador,9
4203303,2016,vice-prefeito,1
4203402,2016,prefeito,1
4203402,2016,vereador,9
4203402,2016,vice-prefeito,1
4203501,2016,prefeito,1
4203501,2016,vereador,9
4203501,2016,vice-prefeito,1
4203600,2016,prefeito,1
4203600,2016,vereador,9
4203600,2016,vice-prefeito,1
4203709,2016,prefeito,1
4203709,2016,vereador,9
4203709,2016,vice-prefeito,1
4203808,2016,prefeito,1
4203808,2016,vereador,10
4203808,2016,vice-prefeito,1
4203907,2016,prefeito,1
4203907,2016,vereador,9
4203907,2016,vice-prefeito,1
4203956,2016,prefeito,1
4203956,2016,vereador,11
4203956,2016,vice-prefeito,1
4204004,2016,prefeito,1
4204004,2016,vereador,9
4204004,2016,vice-prefeito,1
4204103,2016,prefeito,1
4204103,2016,vereador,9
4204103,2016,vice-prefeito,1
4204152,2016,prefeito,1
4204152,2016,vereador,9
4204152,2016,vice-prefeito,1
4204178,2016,prefeito,1
4204178,2016,vereador,9
4204178,2016,vice-prefeito,1
4204194,2016,prefeito,1
4204194,2016,vereador,9
4204194,2016,vice-prefeito,1
4204202,2016,prefeito,1
4204202,2016,vereador,21
4204202,2016,vice-prefeito,1
4204251,2016,prefeito,1
4204251,2016,vereador,9
4204251,2016,vice-prefeito,1
4204301,2016,prefeito,1
4204301,2016,vereador,13
4204301,2016,vice-prefeito,1
4204350,2016,prefeito,1
4204350,2016,vereador,9
4204350,2016,vice-prefeito,1
4204400,2016,prefeito,1
4204400,2016,vereador,9
4204400,2016,vice-prefeito,1
4204459,2016,prefeito,1
4204459,2016,vereador,9
4204459,2016,vice-prefeito,1
4204509,2016,prefeito,1
4204509,2016,vereador,9
4204509,2016,vice-prefeito,1
4204558,2016,prefeito,1
4204558,2016,vereador,9
4204558,2016,vice-prefeito,1
4204608,2016,prefeito,1
4204608,2016,vereador,17
4204608,2016,vice-prefeito,1
4204707,2016,prefeito,1
4204707,2016,vereador,9
4204707,2016,vice-prefeito,1
4204756,2016,prefeito,1
4204756,2016,vereador,9
4204756,2016,vice-prefeito,1
4204806,2016,prefeito,1
4204806,2016,vereador,13
4204806,2016,vice-prefeito,1
4204905,2016,prefeito,1
4204905,2016,vereador,9
4204905,2016,vice-prefeito,1
4205001,2016,prefeito,1
4205001,2016,vereador,9
4205001,2016,vice-prefeito,1
4205100,2016,prefeito,1
4205100,2016,vereador,9
4205100,2016,vice-prefeito,1
4205159,2016,prefeito,1
4205159,2016,vereador,9
4205159,2016,vice-prefeito,1
4205175,2016,prefeito,1
4205175,2016,vereador,9
4205175,2016,vice-prefeito,1
4205191,2016,prefeito,1
4205191,2016,vereador,9
4205191,2016,vice-prefeito,1
4205209,2016,prefeito,1
4205209,2016,vereador,9
4205209,2016,vice-prefeito,1
4205308,2016,prefeito,1
4205308,2016,vereador,9
4205308,2016,vice-prefeito,1
4205357,2016,prefeito,1
4205357,2016,vereador,9
4205357,2016,vice-prefeito,1
4205407,2016,prefeito,1
4205407,2016,vereador,23
4205407,2016,vice-prefeito,1
4205431,2016,prefeito,1
4205431,2016,vereador,9
4205431,2016,vice-prefeito,1
4205456,2016,prefeito,1
4205456,2016,vereador,9
4205456,2016,vice-prefeito,1
4205506,2016,prefeito,1
4205506,2016,vereador,11
4205506,2016,vice-prefeito,1
4205555,2016,prefeito,1
4205555,2016,vereador,9
4205555,2016,vice-prefeito,1
4205605,2016,prefeito,1
4205605,2016,vereador,9
4205605,2016,vice-prefeito,1
4205704,2016,prefeito,1
4205704,2016,vereador,9
4205704,2016,vice-prefeito,1
4205803,2016,prefeito,1
4205803,2016,vereador,9
4205803,2016,vice-prefeito,1
4205902,2016,prefeito,1
4205902,2016,vereador,13
4205902,2016,vice-prefeito,1
4206009,2016,prefeito,1
4206009,2016,vereador,9
4206009,2016,vice-prefeito,1
4206108,2016,prefeito,1
4206108,2016,vereador,9
4206108,2016,vice-prefeito,1
4206207,2016,prefeito,1
4206207,2016,vereador,9
4206207,2016,vice-prefeito,1
4206306,2016,prefeito,1
4206306,2016,vereador,9
4206306,2016,vice-prefeito,1
4206405,2016,prefeito,1
4206405,2016,vereador,9
4206405,2016,vice-prefeito,1
4206504,2016,prefeito,1
4206504,2016,vereador,9
4206504,2016,vice-prefeito,1
4206603,2016,prefeito,1
4206603,2016,vereador,9
4206603,2016,vice-prefeito,1
4206652,2016,prefeito,1
4206652,2016,vereador,9
4206652,2016,vice-prefeito,1
4206702,2016,prefeito,1
4206702,2016,vereador,11
4206702,2016,vice-prefeito,1
4206751,2016,prefeito,1
4206751,2016,vereador,9
4206751,2016,vice-prefeito,1
4206801,2016,prefeito,1
4206801,2016,vereador,9
4206801,2016,vice-prefeito,1
4206900,2016,prefeito,1
4206900,2016,vereador,11
4206900,2016,vice-prefeito,1
4207007,2016,prefeito,1
4207007,2016,vereador,15
4207007,2016,vice-prefeito,1
4207106,2016,prefeito,1
4207106,2016,vereador,9
4207106,2016,vice-prefeito,1
4207205,2016,prefeito,1
4207205,2016,vereador,9
4207205,2016,vice-prefeito,1
4207304,2016,prefeito,1
4207304,2016,vereador,13
4207304,2016,vice-prefeito,1
4207403,2016,prefeito,1
4207403,2016,vereador,9
4207403,2016,vice-prefeito,1
4207502,2016,prefeito,1
4207502,2016,vereador,13
4207502,2016,vice-prefeito,1
4207577,2016,prefeito,1
4207577,2016,vereador,9
4207577,2016,vice-prefeito,1
4207601,2016,prefeito,1
4207601,2016,vereador,9
4207601,2016,vice-prefeito,1
4207650,2016,prefeito,1
4207650,2016,vereador,9
4207650,2016,vice-prefeito,1
4207684,2016,prefeito,1
4207684,2016,vereador,9
4207684,2016,vice-prefeito,1
4207700,2016,prefeito,1
4207700,2016,vereador,9
4207700,2016,vice-prefeito,1
4207759,2016,prefeito,1
4207759,2016,vereador,9
4207759,2016,vice-prefeito,1
4207809,2016,prefeito,1
4207809,2016,vereador,9
4207809,2016,vice-prefeito,1
4207858,2016,prefeito,1
4207858,2016,vereador,9
4207858,2016,vice-prefeito,1
4207908,2016,prefeito,1
4207908,2016,vereador,9
4207908,2016,vice-prefeito,1
4208005,2016,prefeito,1
4208005,2016,vereador,9
4208005,2016,vice-prefeito,1
4208104,2016,prefeito,1
4208104,2016,vereador,9
4208104,2016,vice-prefeito,1
4208203,2016,prefeito,1
4208203,2016,vereador,21
4208203,2016,vice-prefeito,1
4208302,2016,prefeito,1
4208302,2016,vereador,13
4208302,2016,vice-prefeito,1
4208401,2016,prefeito,1
4208401,2016,vereador,11
4208401,2016,vice-prefeito,1
4208450,2016,prefeito,1
4208450,2016,vereador,9
4208450,2016,vice-prefeito,1
4208500,2016,prefeito,1
4208500,2016,vereador,11
4208500,2016,vice-prefeito,1
4208609,2016,prefeito,1
4208609,2016,vereador,9
4208609,2016,vice-prefeito,1
4208708,2016,prefeito,1
4208708,2016,vereador,9
4208708,2016,vice-prefeito,1
4208807,2016,prefeito,1
4208807,2016,vereador,11
4208807,2016,vice-prefeito,1
4208906,2016,prefeito,1
4208906,2016,vereador,11
4208906,2016,vice-prefeito,1
4208955,2016,prefeito,1
4208955,2016,vereador,9
4208955,2016,vice-prefeito,1
4209003,2016,prefeito,1
4209003,2016,vereador,9
4209003,2016,vice-prefeito,1
4209102,2016,prefeito,1
4209102,2016,vereador,19
4209102,2016,vice-prefeito,1
4209151,2016,prefeito,1
4209151,2016,vereador,9
4209151,2016,vice-prefeito,1
4209177,2016,prefeito,1
4209177,2016,vereador,9
4209177,2016,vice-prefeito,1
4209201,2016,prefeito,1
4209201,2016,vereador,9
4209201,2016,vice-prefeito,1
4209300,2016,prefeito,1
4209300,2016,vereador,16
4209300,2016,vice-prefeito,1
4209409,2016,prefeito,1
4209409,2016,vereador,13
4209409,2016,vice-prefeito,1
4209458,2016,prefeito,1
4209458,2016,vereador,9
4209458,2016,vice-prefeito,1
4209508,2016,prefeito,1
4209508,2016,vereador,9
4209508,2016,vice-prefeito,1
4209607,2016,prefeito,1
4209607,2016,vereador,9
4209607,2016,vice-prefeito,1
4209706,2016,prefeito,1
4209706,2016,vereador,9
4209706,2016,vice-prefeito,1
4209805,2016,prefeito,1
4209805,2016,vereador,9
4209805,2016,vice-prefeito,1
4209854,2016,prefeito,1
4209854,2016,vereador,9
4209854,2016,vice-prefeito,1
4209904,2016,prefeito,1
4209904,2016,vereador,9
4209904,2016,vice-prefeito,1
4210001,2016,prefeito,1
4210001,2016,vereador,9
4210001,2016,vice-prefeito,1
4210035,2016,prefeito,1
4210035,2016,vereador,9
4210035,2016,vice-prefeito,1
4210050,2016,prefeito,1
4210050,2016,vereador,9
4210050,2016,vice-prefeito,1
4210100,2016,prefeito,1
4210100,2016,vereador,13
4210100,2016,vice-prefeito,1
4210209,2016,prefeito,1
4210209,2016,vereador,9
4210209,2016,vice-prefeito,1
4210308,2016,prefeito,1
4210308,2016,vereador,9
4210308,2016,vice-prefeito,1
4210407,2016,prefeito,1
4210407,2016,vereador,9
4210407,2016,vice-prefeito,1
4210506,2016,prefeito,1
4210506,2016,vereador,11
4210506,2016,vice-prefeito,1
4210555,2016,prefeito,1
4210555,2016,vereador,9
4210555,2016,vice-prefeito,1
4210605,2016,prefeito,1
4210605,2016,vereador,9
4210605,2016,vice-prefeito,1
4210704,2016,prefeito,1
4210704,2016,vereador,9
4210704,2016,vice-prefeito,1
4210803,2016,prefeito,1
4210803,2016,vereador,9
4210803,2016,vice-prefeito,1
4210852,2016,prefeito,1
4210852,2016,vereador,9
4210852,2016,vice-prefeito,1
4210902,2016,prefeito,1
4210902,2016,vereador,9
4210902,2016,vice-prefeito,1
4211009,2016,prefeito,1
4211009,2016,vereador,9
4211009,2016,vice-prefeito,1
4211058,2016,prefeito,1
4211058,2016,vereador,9
4211058,2016,vice-prefeito,1
4211108,2016,prefeito,1
4211108,2016,vereador,9
4211108,2016,vice-prefeito,1
4211207,2016,prefeito,1
4211207,2016,vereador,9
4211207,2016,vice-prefeito,1
4211256,2016,prefeito,1
4211256,2016,vereador,9
4211256,2016,vice-prefeito,1
4211306,2016,prefeito,1
4211306,2016,vereador,10
4211306,2016,vice-prefeito,1
4211405,2016,prefeito,1
4211405,2016,vereador,9
4211405,2016,vice-prefeito,1
4211454,2016,prefeito,1
4211454,2016,vereador,9
4211454,2016,vice-prefeito,1
4211504,2016,prefeito,1
4211504,2016,vereador,9
4211504,2016,vice-prefeito,1
4211603,2016,prefeito,1
4211603,2016,vereador,9
4211603,2016,vice-prefeito,1
4211652,2016,prefeito,1
4211652,2016,vereador,9
4211652,2016,vice-prefeito,1
4211702,2016,prefeito,1
4211702,2016,vereador,11
4211702,2016,vice-prefeito,1
4211751,2016,prefeito,1
4211751,2016,vereador,11
4211751,2016,vice-prefeito,1
4211801,2016,prefeito,1
4211801,2016,vereador,9
4211801,2016,vice-prefeito,1
4211850,2016,prefeito,1
4211850,2016,vereador,9
4211850,2016,vice-prefeito,1
4211876,2016,prefeito,1
4211876,2016,vereador,9
4211876,2016,vice-prefeito,1
4211892,2016,prefeito,1
4211892,2016,vereador,9
4211892,2016,vice-prefeito,1
4211900,2016,prefeito,1
4211900,2016,vereador,17
4211900,2016,vice-prefeito,1
4212007,2016,prefeito,1
4212007,2016,vereador,9
4212007,2016,vice-prefeito,1
4212056,2016,prefeito,1
4212056,2016,vereador,9
4212056,2016,vice-prefeito,1
4212106,2016,prefeito,1
4212106,2016,vereador,11
4212106,2016,vice-prefeito,1
4212205,2016,prefeito,1
4212205,2016,vereador,9
4212205,2016,vice-prefeito,1
4212239,2016,prefeito,1
4212239,2016,vereador,9
4212239,2016,vice-prefeito,1
4212254,2016,prefeito,1
4212254,2016,vereador,9
4212254,2016,vice-prefeito,1
4212270,2016,prefeito,1
4212270,2016,vereador,9
4212270,2016,vice-prefeito,1
4212304,2016,prefeito,1
4212304,2016,vereador,9
4212304,2016,vice-prefeito,1
4212403,2016,prefeito,1
4212403,2016,vereador,9
4212403,2016,vice-prefeito,1
4212502,2016,prefeito,1
4212502,2016,vereador,11
4212502,2016,vice-prefeito,1
4212601,2016,prefeito,1
4212601,2016,vereador,9
4212601,2016,vice-prefeito,1
4212650,2016,prefeito,1
4212650,2016,vereador,9
4212650,2016,vice-prefeito,1
4212700,2016,prefeito,1
4212700,2016,vereador,9
4212700,2016,vice-prefeito,1
4212809,2016,prefeito,1
4212809,2016,vereador,11
4212809,2016,vice-prefeito,1
4212908,2016,prefeito,1
4212908,2016,vereador,11
4212908,2016,vice-prefeito,1
4213005,2016,prefeito,1
4213005,2016,vereador,9
4213005,2016,vice-prefeito,1
4213104,2016,prefeito,1
4213104,2016,vereador,9
4213104,2016,vice-prefeito,1
4213153,2016,prefeito,1
4213153,2016,vereador,9
4213153,2016,vice-prefeito,1
4213203,2016,prefeito,1
4213203,2016,vereador,9
4213203,2016,vice-prefeito,1
4213302,2016,prefeito,1
4213302,2016,vereador,9
4213302,2016,vice-prefeito,1
4213351,2016,prefeito,1
4213351,2016,vereador,9
4213351,2016,vice-prefeito,1
4213401,2016,prefeito,1
4213401,2016,vereador,9
4213401,2016,vice-prefeito,1
4213500,2016,prefeito,1
4213500,2016,vereador,11
4213500,2016,vice-prefeito,1
4213609,2016,prefeito,1
4213609,2016,vereador,11
4213609,2016,vice-prefeito,1
4213708,2016,prefeito,1
4213708,2016,vereador,9
4213708,2016,vice-prefeito,1
4213807,2016,prefeito,1
4213807,2016,vereador,9
4213807,2016,vice-prefeito,1
4213906,2016,prefeito,1
4213906,2016,vereador,9
4213906,2016,vice-prefeito,1
4214003,2016,prefeito,1
4214003,2016,vereador,11
4214003,2016,vice-prefeito,1
4214102,2016,prefeito,1
4214102,2016,vereador,9
4214102,2016,vice-prefeito,1
4214151,2016,prefeito,1
4214151,2016,vereador,9
4214151,2016,vice-prefeito,1
4214201,2016,prefeito,1
4214201,2016,vereador,9
4214201,2016,vice-prefeito,1
4214300,2016,prefeito,1
4214300,2016,vereador,9
4214300,2016,vice-prefeito,1
4214409,2016,prefeito,1
4214409,2016,vereador,9
4214409,2016,vice-prefeito,1
4214508,2016,prefeito,1
4214508,2016,vereador,9
4214508,2016,vice-prefeito,1
4214607,2016,prefeito,1
4214607,2016,vereador,9
4214607,2016,vice-prefeito,1
4214706,2016,prefeito,1
4214706,2016,vereador,9
4214706,2016,vice-prefeito,1
4214805,2016,prefeito,1
4214805,2016,vereador,10
4214805,2016,vice-prefeito,1
4214904,2016,prefeito,1
4214904,2016,vereador,9
4214904,2016,vice-prefeito,1
4215000,2016,prefeito,1
4215000,2016,vereador,9
4215000,2016,vice-prefeito,1
4215059,2016,prefeito,1
4215059,2016,vereador,9
4215059,2016,vice-prefeito,1
4215075,2016,prefeito,1
4215075,2016,vereador,9
4215075,2016,vice-prefeito,1
4215109,2016,prefeito,1
4215109,2016,vereador,9
4215109,2016,vice-prefeito,1
4215208,2016,prefeito,1
4215208,2016,vereador,9
4215208,2016,vice-prefeito,1
4215307,2016,prefeito,1
4215307,2016,vereador,9
4215307,2016,vice-prefeito,1
4215356,2016,prefeito,1
4215356,2016,vereador,9
4215356,2016,vice-prefeito,1
4215406,2016,prefeito,1
4215406,2016,vereador,9
4215406,2016,vice-prefeito,1
4215455,2016,prefeito,1
4215455,2016,vereador,9
4215455,2016,vice-prefeito,1
4215505,2016,prefeito,1
4215505,2016,vereador,11
4215505,2016,vice-prefeito,1
4215554,2016,prefeito,1
4215554,2016,vereador,9
4215554,2016,vice-prefeito,1
4215604,2016,prefeito,1
4215604,2016,vereador,9
4215604,2016,vice-prefeito,1
4215653,2016,prefeito,1
4215653,2016,vereador,9
4215653,2016,vice-prefeito,1
4215679,2016,prefeito,1
4215679,2016,vereador,9
4215679,2016,vice-prefeito,1
4215687,2016,prefeito,1
4215687,2016,vereador,9
4215687,2016,vice-prefeito,1
4215695,2016,prefeito,1
4215695,2016,vereador,9
4215695,2016,vice-prefeito,1
4215703,2016,prefeito,1
4215703,2016,vereador,11
4215703,2016,vice-prefeito,1
4215752,2016,prefeito,1
4215752,2016,vereador,9
4215752,2016,vice-prefeito,1
4215802,2016,prefeito,1
4215802,2016,vereador,10
4215802,2016,vice-prefeito,1
4215901,2016,prefeito,1
4215901,2016,vereador,9
4215901,2016,vice-prefeito,1
4216008,2016,prefeito,1
4216008,2016,vereador,9
4216008,2016,vice-prefeito,1
4216057,2016,prefeito,1
4216057,2016,vereador,9
4216057,2016,vice-prefeito,1
4216107,2016,prefeito,1
4216107,2016,vereador,9
4216107,2016,vice-prefeito,1
4216206,2016,prefeito,1
4216206,2016,vereador,9
4216206,2016,vice-prefeito,1
4216255,2016,prefeito,1
4216255,2016,vereador,9
4216255,2016,vice-prefeito,1
4216305,2016,prefeito,1
4216305,2016,vereador,11
4216305,2016,vice-prefeito,1
4216354,2016,prefeito,1
4216354,2016,vereador,9
4216354,2016,vice-prefeito,1
4216404,2016,prefeito,1
4216404,2016,vereador,9
4216404,2016,vice-prefeito,1
4216503,2016,prefeito,1
4216503,2016,vereador,9
4216503,2016,vice-prefeito,1
4216602,2016,prefeito,1
4216602,2016,vereador,19
4216602,2016,vice-prefeito,1
4216701,2016,prefeito,1
4216701,2016,vereador,9
4216701,2016,vice-prefeito,1
4216800,2016,prefeito,1
4216800,2016,vereador,9
4216800,2016,vice-prefeito,1
4216909,2016,prefeito,1
4216909,2016,vereador,9
4216909,2016,vice-prefeito,1
4217006,2016,prefeito,1
4217006,2016,vereador,9
4217006,2016,vice-prefeito,1
4217105,2016,prefeito,1
4217105,2016,vereador,9
4217105,2016,vice-prefeito,1
4217154,2016,prefeito,1
4217154,2016,vereador,9
4217154,2016,vice-prefeito,1
4217204,2016,prefeito,1
4217204,2016,vereador,13
4217204,2016,vice-prefeito,1
4217253,2016,prefeito,1
4217253,2016,vereador,9
4217253,2016,vice-prefeito,1
4217303,2016,prefeito,1
4217303,2016,vereador,9
4217303,2016,vice-prefeito,1
4217402,2016,prefeito,1
4217402,2016,vereador,9
4217402,2016,vice-prefeito,1
4217501,2016,prefeito,1
4217501,2016,vereador,11
4217501,2016,vice-prefeito,1
4217550,2016,prefeito,1
4217550,2016,vereador,9
4217550,2016,vice-prefeito,1
4217600,2016,prefeito,1
4217600,2016,vereador,9
4217600,2016,vice-prefeito,1
4217709,2016,prefeito,1
4217709,2016,vereador,11
4217709,2016,vice-prefeito,1
4217758,2016,prefeito,1
4217758,2016,vereador,9
4217758,2016,vice-prefeito,1
4217808,2016,prefeito,1
4217808,2016,vereador,9
4217808,2016,vice-prefeito,1
4217907,2016,prefeito,1
4217907,2016,vereador,9
4217907,2016,vice-prefeito,1
4217956,2016,prefeito,1
4217956,2016,vereador,9
4217956,2016,vice-prefeito,1
4218004,2016,prefeito,1
4218004,2016,vereador,13
4218004,2016,vice-prefeito,1
4218103,2016,prefeito,1
4218103,2016,vereador,9
4218103,2016,vice-prefeito,1
4218202,2016,prefeito,1
4218202,2016,vereador,9
4218202,2016,vice-prefeito,1
4218251,2016,prefeito,1
4218251,2016,vereador,9
4218251,2016,vice-prefeito,1
4218301,2016,prefeito,1
4218301,2016,vereador,11
4218301,2016,vice-prefeito,1
4218350,2016,prefeito,1
4218350,2016,vereador,9
4218350,2016,vice-prefeito,1
4218400,2016,prefeito,1
4218400,2016,vereador,9
4218400,2016,vice-prefeito,1
4218509,2016,prefeito,1
4218509,2016,vereador,9
4218509,2016,vice-prefeito,1
4218608,2016,prefeito,1
4218608,2016,vereador,9
4218608,2016,vice-prefeito,1
4218707,2016,prefeito,1
4218707,2016,vereador,17
4218707,2016,vice-prefeito,1
4218756,2016,prefeito,1
4218756,2016,vereador,9
4218756,2016,vice-prefeito,1
4218806,2016,prefeito,1
4218806,2016,vereador,9
4218806,2016,vice-prefeito,1
4218855,2016,prefeito,1
4218855,2016,vereador,9
4218855,2016,vice-prefeito,1
4218905,2016,prefeito,1
4218905,2016,vereador,9
4218905,2016,vice-prefeito,1
4218954,2016,prefeito,1
4218954,2016,vereador,9
4218954,2016,vice-prefeito,1
4219002,2016,prefeito,1
4219002,2016,vereador,9
4219002,2016,vice-prefeito,1
4219101,2016,prefeito,1
4219101,2016,vereador,9
4219101,2016,vice-prefeito,1
4219150,2016,prefeito,1
4219150,2016,vereador,9
4219150,2016,vice-prefeito,1
4219176,2016,prefeito,1
4219176,2016,vereador,9
4219176,2016,vice-prefeito,1
4219200,2016,prefeito,1
4219200,2016,vereador,9
4219200,2016,vice-prefeito,1
4219309,2016,prefeito,1
4219309,2016,vereador,11
4219309,2016,vice-prefeito,1
4219358,2016,prefeito,1
4219358,2016,vereador,9
4219358,2016,vice-prefeito,1
4219408,2016,prefeito,1
4219408,2016,vereador,9
4219408,2016,vice-prefeito,1
4219507,2016,prefeito,1
4219507,2016,vereador,9
4219507,2016,vice-prefeito,1
4219606,2016,prefeito,1
4219606,2016,vereador,9
4219606,2016,vice-prefeito,1
4219705,2016,prefeito,1
4219705,2016,vereador,11
4219705,2016,vice-prefeito,1
4219853,2016,prefeito,1
4219853,2016,vereador,9
4219853,2016,vice-prefeito,1
4220000,2016,prefeito,1
4220000,2016,vereador,9
4220000,2016,vice-prefeito,1
,2018,deputado estadual,40
,2018,deputado federal,16
,2018,governador,1
,2018,senador,2
4200051,2020,prefeito,1
4200051,2020,vereador,9
4200051,2020,vice-prefeito,1
4200101,2020,prefeito,1
4200101,2020,vereador,11
4200101,2020,vice-prefeito,1
4200200,2020,prefeito,1
4200200,2020,vereador,9
4200200,2020,vice-prefeito,1
4200309,2020,prefeito,1
4200309,2020,vereador,9
4200309,2020,vice-prefeito,1
4200408,2020,prefeito,1
4200408,2020,vereador,9
4200408,2020,vice-prefeito,1
4200507,2020,prefeito,1
4200507,2020,vereador,9
4200507,2020,vice-prefeito,1
4200556,2020,prefeito,1
4200556,2020,vereador,9
4200556,2020,vice-prefeito,1
4200606,2020,prefeito,1
4200606,2020,vereador,9
4200606,2020,vice-prefeito,1
4200705,2020,prefeito,1
4200705,2020,vereador,9
4200705,2020,vice-prefeito,1
4200754,2020,prefeito,1
4200754,2020,vereador,9
4200754,2020,vice-prefeito,1
4200804,2020,prefeito,1
4200804,2020,vereador,9
4200804,2020,vice-prefeito,1
4200903,2020,prefeito,1
4200903,2020,vereador,9
4200903,2020,vice-prefeito,1
4201000,2020,prefeito,1
4201000,2020,vereador,9
4201000,2020,vice-prefeito,1
4201109,2020,prefeito,1
4201109,2020,vereador,9
4201109,2020,vice-prefeito,1
4201208,2020,prefeito,1
4201208,2020,vereador,9
4201208,2020,vice-prefeito,1
4201257,2020,prefeito,1
4201257,2020,vereador,9
4201257,2020,vice-prefeito,1
4201273,2020,prefeito,1
4201273,2020,vereador,9
4201273,2020,vice-prefeito,1
4201307,2020,prefeito,1
4201307,2020,vereador,13
4201307,2020,vice-prefeito,1
4201406,2020,prefeito,1
4201406,2020,vereador,15
4201406,2020,vice-prefeito,1
4201505,2020,prefeito,1
4201505,2020,vereador,9
4201505,2020,vice-prefeito,1
4201604,2020,prefeito,1
4201604,2020,vereador,9
4201604,2020,vice-prefeito,1
4201653,2020,prefeito,1
4201653,2020,vereador,9
4201653,2020,vice-prefeito,1
4201703,2020,prefeito,1
4201703,2020,vereador,9
4201703,2020,vice-prefeito,1
4201802,2020,prefeito,1
4201802,2020,vereador,9
4201802,2020,vice-prefeito,1
4201901,2020,prefeito,1
4201901,2020,vereador,9
4201901,2020,vice-prefeito,1
4201950,2020,prefeito,1
4201950,2020,vereador,9
4201950,2020,vice-prefeito,1
4202008,2020,prefeito,1
4202008,2020,vereador,19
4202008,2020,vice-prefeito,1
4202057,2020,prefeito,1
4202057,2020,vereador,9
4202057,2020,vice-prefeito,1
4202073,2020,prefeito,1
4202073,2020,vereador,9
4202073,2020,vice-prefeito,1
4202081,2020,prefeito,1
4202081,2020,vereador,9
4202081,2020,vice-prefeito,1
4202099,2020,prefeito,1
4202099,2020,vereador,9
4202099,2020,vice-prefeito,1
4202107,2020,prefeito,1
4202107,2020,vereador,9
4202107,2020,vice-prefeito,1
4202131,2020,prefeito,1
4202131,2020,vereador,9
4202131,2020,vice-prefeito,1
4202156,2020,prefeito,1
4202156,2020,vereador,9
4202156,2020,vice-prefeito,1
4202206,2020,prefeito,1
4202206,2020,vereador,9
4202206,2020,vice-prefeito,1
4202305,2020,prefeito,1
4202305,2020,vereador,15
4202305,2020,vice-prefeito,1
4202404,2020,prefeito,1
4202404,2020,vereador,15
4202404,2020,vice-prefeito,1
4202438,2020,prefeito,1
4202438,2020,vereador,9
4202438,2020,vice-prefeito,1
4202453,2020,prefeito,1
4202453,2020,vereador,9
4202453,2020,vice-prefeito,1
4202503,2020,prefeito,1
4202503,2020,vereador,9
4202503,2020,vice-prefeito,1
4202537,2020,prefeito,1
4202537,2020,vereador,9
4202537,2020,vice-prefeito,1
4202578,2020,prefeito,1
4202578,2020,vereador,9
4202578,2020,vice-prefeito,1
4202602,2020,prefeito,1
4202602,2020,vereador,9
4202602,2020,vice-prefeito,1
4202701,2020,prefeito,1
4202701,2020,vereador,9
4202701,2020,vice-prefeito,1
4202800,2020,prefeito,1
4202800,2020,vereador,11
4202800,2020,vice-prefeito,1
4202859,2020,prefeito,1
4202859,2020,vereador,9
4202859,2020,vice-prefeito,1
4202875,2020,prefeito,1
4202875,2020,vereador,9
4202875,2020,vice-prefeito,1
4202909,2020,prefeito,1
4202909,2020,vereador,15
4202909,2020,vice-prefeito,1
4203006,2020,prefeito,1
4203006,2020,vereador,13
4203006,2020,vice-prefeito,1
4203105,2020,prefeito,1
4203105,2020,vereador,9
4203105,2020,vice-prefeito,1
4203154,2020,prefeito,1
4203154,2020,vereador,9
4203154,2020,vice-prefeito,1
4203204,2020,prefeito,1
4203204,2020,vereador,15
4203204,2020,vice-prefeito,1
4203253,2020,prefeito,1
4203253,2020,vereador,9
4203253,2020,vice-prefeito,1
4203303,2020,prefeito,1
4203303,2020,vereador,9
4203303,2020,vice-prefeito,1
4203402,2020,prefeito,1
4203402,2020,vereador,9
4203402,2020,vice-prefeito,1
4203501,2020,prefeito,1
4203501,2020,vereador,9
4203501,2020,vice-prefeito,1
4203600,2020,prefeito,1
4203600,2020,vereador,9
4203600,2020,vice-prefeito,1
4203709,2020,prefeito,1
4203709,2020,vereador,9
4203709,2020,vice-prefeito,1
4203808,2020,prefeito,1
4203808,2020,vereador,10
4203808,2020,vice-prefeito,1
4203907,2020,prefeito,1
4203907,2020,vereador,9
4203907,2020,vice-prefeito,1
4203956,2020,prefeito,1
4203956,2020,vereador,11
4203956,2020,vice-prefeito,1
4204004,2020,prefeito,1
4204004,2020,vereador,9
4204004,2020,vice-prefeito,1
4204103,2020,prefeito,1
4204103,2020,vereador,9
4204103,2020,vice-prefeito,1
4204152,2020,prefeito,1
4204152,2020,vereador,9
4204152,2020,vice-prefeito,1
4204178,2020,prefeito,1
4204178,2020,vereador,9
4204178,2020,vice-prefeito,1
4204194,2020,prefeito,1
4204194,2020,vereador,9
4204194,2020,vice-prefeito,1
4204202,2020,prefeito,1
4204202,2020,vereador,21
4204202,2020,vice-prefeito,1
4204251,2020,prefeito,1
4204251,2020,vereador,9
4204251,2020,vice-prefeito,1
4204301,2020,prefeito,1
4204301,2020,vereador,13
4204301,2020,vice-prefeito,1
4204350,2020,prefeito,1
4204350,2020,vereador,9
4204350,2020,vice-prefeito,1
4204400,2020,prefeito,1
4204400,2020,vereador,9
4204400,2020,vice-prefeito,1
4204459,2020,prefeito,1
4204459,2020,vereador,9
4204459,2020,vice-prefeito,1
4204509,2020,prefeito,1
4204509,2020,vereador,9
4204509,2020,vice-prefeito,1
4204558,2020,prefeito,1
4204558,2020,vereador,9
4204558,2020,vice-prefeito,1
4204608,2020,prefeito,1
4204608,2020,vereador,17
4204608,2020,vice-prefeito,1
4204707,2020,prefeito,1
4204707,2020,vereador,9
4204707,2020,vice-prefeito,1
4204756,2020,prefeito,1
4204756,2020,vereador,9
4204756,2020,vice-prefeito,1
4204806,2020,prefeito,1
4204806,2020,vereador,13
4204806,2020,vice-prefeito,1
4204905,2020,prefeito,1
4204905,2020,vereador,9
4204905,2020,vice-prefeito,1
4205001,2020,prefeito,1
4205001,2020,vereador,9
4205001,2020,vice-prefeito,1
4205100,2020,prefeito,1
4205100,2020,vereador,9
4205100,2020,vice-prefeito,1
4205159,2020,prefeito,1
4205159,2020,vereador,9
4205159,2020,vice-prefeito,1
4205175,2020,prefeito,1
4205175,2020,vereador,9
4205175,2020,vice-prefeito,1
4205191,2020,prefeito,1
4205191,2020,vereador,9
4205191,2020,vice-prefeito,1
4205209,2020,prefeito,1
4205209,2020,vereador,9
4205209,2020,vice-prefeito,1
4205308,2020,prefeito,1
4205308,2020,vereador,9
4205308,2020,vice-prefeito,1
4205357,2020,prefeito,1
4205357,2020,vereador,9
4205357,2020,vice-prefeito,1
4205407,2020,prefeito,1
4205407,2020,vereador,23
4205407,2020,vice-prefeito,1
4205431,2020,prefeito,1
4205431,2020,vereador,9
4205431,2020,vice-prefeito,1
4205456,2020,prefeito,1
4205456,2020,vereador,9
4205456,2020,vice-prefeito,1
4205506,2020,prefeito,1
4205506,2020,vereador,11
4205506,2020,vice-prefeito,1
4205555,2020,prefeito,1
4205555,2020,vereador,9
4205555,2020,vice-prefeito,1
4205605,2020,prefeito,1
4205605,2020,vereador,9
4205605,2020,vice-prefeito,1
4205704,2020,prefeito,1
4205704,2020,vereador,9
4205704,2020,vice-prefeito,1
4205803,2020,prefeito,1
4205803,2020,vereador,9
4205803,2020,vice-prefeito,1
4205902,2020,prefeito,1
4205902,2020,vereador,13
4205902,2020,vice-prefeito,1
4206009,2020,prefeito,1
4206009,2020,vereador,9
4206009,2020,vice-prefeito,1
4206108,2020,prefeito,1
4206108,2020,vereador,9
4206108,2020,vice-prefeito,1
4206207,2020,prefeito,1
4206207,2020,vereador,9
4206207,2020,vice-prefeito,1
4206306,2020,prefeito,1
4206306,2020,vereador,9
4206306,2020,vice-prefeito,1
4206405,2020,prefeito,1
4206405,2020,vereador,9
4206405,2020,vice-prefeito,1
4206504,2020,prefeito,1
4206504,2020,vereador,9
4206504,2020,vice-prefeito,1
4206603,2020,prefeito,1
4206603,2020,vereador,9
4206603,2020,vice-prefeito,1
4206652,2020,prefeito,1
4206652,2020,vereador,9
4206652,2020,vice-prefeito,1
4206702,2020,prefeito,1
4206702,2020,vereador,9
4206702,2020,vice-prefeito,1
4206751,2020,prefeito,1
4206751,2020,vereador,9
4206751,2020,vice-prefeito,1
4206801,2020,prefeito,1
4206801,2020,vereador,9
4206801,2020,vice-prefeito,1
4206900,2020,prefeito,1
4206900,2020,vereador,11
4206900,2020,vice-prefeito,1
4207007,2020,prefeito,1
4207007,2020,vereador,15
4207007,2020,vice-prefeito,1
4207106,2020,prefeito,1
4207106,2020,vereador,9
4207106,2020,vice-prefeito,1
4207205,2020,prefeito,1
4207205,2020,vereador,9
4207205,2020,vice-prefeito,1
4207304,2020,prefeito,1
4207304,2020,vereador,13
4207304,2020,vice-prefeito,1
4207403,2020,prefeito,1
4207403,2020,vereador,9
4207403,2020,vice-prefeito,1
4207502,2020,prefeito,1
4207502,2020,vereador,13
4207502,2020,vice-prefeito,1
4207577,2020,prefeito,1
4207577,2020,vereador,9
4207577,2020,vice-prefeito,1
4207601,2020,prefeito,1
4207601,2020,vereador,9
4207601,2020,vice-prefeito,1
4207650,2020,prefeito,1
4207650,2020,vereador,9
4207650,2020,vice-prefeito,1
4207684,2020,prefeito,1
4207684,2020,vereador,9
4207684,2020,vice-prefeito,1
4207700,2020,prefeito,1
4207700,2020,vereador,9
4207700,2020,vice-prefeito,1
4207759,2020,prefeito,1
4207759,2020,vereador,9
4207759,2020,vice-prefeito,1
4207809,2020,prefeito,1
4207809,2020,vereador,9
4207809,2020,vice-prefeito,1
4207858,2020,prefeito,1
4207858,2020,vereador,9
4207858,2020,vice-prefeito,1
4207908,2020,prefeito,1
4207908,2020,vereador,9
4207908,2020,vice-prefeito,1
4208005,2020,prefeito,1
4208005,2020,vereador,9
4208005,2020,vice-prefeito,1
4208104,2020,prefeito,1
4208104,2020,vereador,9
4208104,2020,vice-prefeito,1
4208203,2020,prefeito,1
4208203,2020,vereador,17
4208203,2020,vice-prefeito,1
4208302,2020,prefeito,1
4208302,2020,vereador,13
4208302,2020,vice-prefeito,1
4208401,2020,prefeito,1
4208401,2020,vereador,11
4208401,2020,vice-prefeito,1
4208450,2020,prefeito,1
4208450,2020,vereador,9
4208450,2020,vice-prefeito,1
4208500,2020,prefeito,1
4208500,2020,vereador,11
4208500,2020,vice-prefeito,1
4208609,2020,prefeito,1
4208609,2020,vereador,9
4208609,2020,vice-prefeito,1
4208708,2020,prefeito,1
4208708,2020,vereador,9
4208708,2020,vice-prefeito,1
4208807,2020,prefeito,1
4208807,2020,vereador,11
4208807,2020,vice-prefeito,1
4208906,2020,prefeito,1
4208906,2020,vereador,11
4208906,2020,vice-prefeito,1
4208955,2020,prefeito,1
4208955,2020,vereador,9
4208955,2020,vice-prefeito,1
4209003,2020,prefeito,1
4209003,2020,vereador,9
4209003,2020,vice-prefeito,1
4209102,2020,prefeito,1
4209102,2020,vereador,19
4209102,2020,vice-prefeito,1
4209151,2020,prefeito,1
4209151,2020,vereador,9
4209151,2020,vice-prefeito,1
4209177,2020,prefeito,1
4209177,2020,vereador,9
4209177,2020,vice-prefeito,1
4209201,2020,prefeito,1
4209201,2020,vereador,9
4209201,2020,vice-prefeito,1
4209300,2020,prefeito,1
4209300,2020,vereador,16
4209300,2020,vice-prefeito,1
4209409,2020,prefeito,1
4209409,2020,vereador,13
4209409,2020,vice-prefeito,1
4209458,2020,prefeito,1
4209458,2020,vereador,9
4209458,2020,vice-prefeito,1
4209508,2020,prefeito,1
4209508,2020,vereador,9
4209508,2020,vice-prefeito,1
4209607,2020,prefeito,1
4209607,2020,vereador,9
4209607,2020,vice-prefeito,1
4209706,2020,prefeito,1
4209706,2020,vereador,9
4209706,2020,vice-prefeito,1
4209805,2020,prefeito,1
4209805,2020,vereador,9
4209805,2020,vice-prefeito,1
4209854,2020,prefeito,1
4209854,2020,vereador,9
4209854,2020,vice-prefeito,1
4209904,2020,prefeito,1
4209904,2020,vereador,9
4209904,2020,vice-prefeito,1
4210001,2020,prefeito,1
4210001,2020,vereador,9
4210001,2020,vice-prefeito,1
4210035,2020,prefeito,1
4210035,2020,vereador,9
4210035,2020,vice-prefeito,1
4210050,2020,prefeito,1
4210050,2020,vereador,9
4210050,2020,vice-prefeito,1
4210100,2020,prefeito,1
4210100,2020,vereador,13
4210100,2020,vice-prefeito,1
4210209,2020,prefeito,1
4210209,2020,vereador,9
4210209,2020,vice-prefeito,1
4210308,2020,prefeito,1
4210308,2020,vereador,9
4210308,2020,vice-prefeito,1
4210407,2020,prefeito,1
4210407,2020,vereador,9
4210407,2020,vice-prefeito,1
4210506,2020,prefeito,1
4210506,2020,vereador,11
4210506,2020,vice-prefeito,1
4210555,2020,prefeito,1
4210555,2020,vereador,9
4210555,2020,vice-prefeito,1
4210605,2020,prefeito,1
4210605,2020,vereador,9
4210605,2020,vice-prefeito,1
4210704,2020,prefeito,1
4210704,2020,vereador,9
4210704,2020,vice-prefeito,1
4210803,2020,prefeito,1
4210803,2020,vereador,9
4210803,2020,vice-prefeito,1
4210852,2020,prefeito,1
4210852,2020,vereador,9
4210852,2020,vice-prefeito,1
4210902,2020,prefeito,1
4210902,2020,vereador,9
4210902,2020,vice-prefeito,1
4211009,2020,prefeito,1
4211009,2020,vereador,9
4211009,2020,vice-prefeito,1
4211058,2020,prefeito,1
4211058,2020,vereador,9
4211058,2020,vice-prefeito,1
4211108,2020,prefeito,1
4211108,2020,vereador,9
4211108,2020,vice-prefeito,1
4211207,2020,prefeito,1
4211207,2020,vereador,9
4211207,2020,vice-prefeito,1
4211256,2020,prefeito,1
4211256,2020,vereador,9
4211256,2020,vice-prefeito,1
4211306,2020,prefeito,1
4211306,2020,vereador,10
4211306,2020,vice-prefeito,1
4211405,2020,prefeito,1
4211405,2020,vereador,9
4211405,2020,vice-prefeito,1
4211454,2020,prefeito,1
4211454,2020,vereador,9
4211454,2020,vice-prefeito,1
4211504,2020,prefeito,1
4211504,2020,vereador,9
4211504,2020,vice-prefeito,1
4211603,2020,prefeito,1
4211603,2020,vereador,9
4211603,2020,vice-prefeito,1
4211652,2020,prefeito,1
4211652,2020,vereador,9
4211652,2020,vice-prefeito,1
4211702,2020,prefeito,1
4211702,2020,vereador,11
4211702,2020,vice-prefeito,1
4211751,2020,prefeito,1
4211751,2020,vereador,11
4211751,2020,vice-prefeito,1
4211801,2020,prefeito,1
4211801,2020,vereador,9
4211801,2020,vice-prefeito,1
4211850,2020,prefeito,1
4211850,2020,vereador,9
4211850,2020,vice-prefeito,1
4211876,2020,prefeito,1
4211876,2020,vereador,9
4211876,2020,vice-prefeito,1
4211892,2020,prefeito,1
4211892,2020,vereador,9
4211892,2020,vice-prefeito,1
4211900,2020,prefeito,1
4211900,2020,vereador,17
4211900,2020,vice-prefeito,1
4212007,2020,prefeito,1
4212007,2020,vereador,9
4212007,2020,vice-prefeito,1
4212056,2020,prefeito,1
4212056,2020,vereador,9
4212056,2020,vice-prefeito,1
4212106,2020,prefeito,1
4212106,2020,vereador,11
4212106,2020,vice-prefeito,1
4212205,2020,prefeito,1
4212205,2020,vereador,9
4212205,2020,vice-prefeito,1
4212239,2020,prefeito,1
4212239,2020,vereador,9
4212239,2020,vice-prefeito,1
4212254,2020,prefeito,1
4212254,2020,vereador,9
4212254,2020,vice-prefeito,1
4212270,2020,prefeito,1
4212270,2020,vereador,9
4212270,2020,vice-prefeito,1
4212304,2020,prefeito,1
4212304,2020,vereador,9
4212304,2020,vice-prefeito,1
4212403,2020,prefeito,1
4212403,2020,vereador,9
4212403,2020,vice-prefeito,1
4212502,2020,prefeito,1
4212502,2020,vereador,11
4212502,2020,vice-prefeito,1
4212601,2020,prefeito,1
4212601,2020,vereador,9
4212601,2020,vice-prefeito,1
4212650,2020,prefeito,1
4212650,2020,vereador,9
4212650,2020,vice-prefeito,1
4212700,2020,prefeito,1
4212700,2020,vereador,9
4212700,2020,vice-prefeito,1
4212809,2020,prefeito,1
4212809,2020,vereador,11
4212809,2020,vice-prefeito,1
4212908,2020,prefeito,1
4212908,2020,vereador,11
4212908,2020,vice-prefeito,1
4213005,2020,prefeito,1
4213005,2020,vereador,9
4213005,2020,vice-prefeito,1
4213104,2020,prefeito,1
4213104,2020,vereador,9
4213104,2020,vice-prefeito,1
4213153,2020,prefeito,1
4213153,2020,vereador,9
4213153,2020,vice-prefeito,1
4213203,2020,prefeito,1
4213203,2020,vereador,9
4213203,2020,vice-prefeito,1
4213302,2020,prefeito,1
4213302,2020,vereador,9
4213302,2020,vice-prefeito,1
4213351,2020,prefeito,1
4213351,2020,vereador,9
4213351,2020,vice-prefeito,1
4213401,2020,prefeito,1
4213401,2020,vereador,9
4213401,2020,vice-prefeito,1
4213500,2020,prefeito,1
4213500,2020,vereador,11
4213500,2020,vice-prefeito,1
4213609,2020,prefeito,1
4213609,2020,vereador,11
4213609,2020,vice-prefeito,1
4213708,2020,prefeito,1
4213708,2020,vereador,9
4213708,2020,vice-prefeito,1
4213807,2020,prefeito,1
4213807,2020,vereador,9
4213807,2020,vice-prefeito,1
4213906,2020,prefeito,1
4213906,2020,vereador,9
4213906,2020,vice-prefeito,1
4214003,2020,prefeito,1
4214003,2020,vereador,11
4214003,2020,vice-prefeito,1
4214102,2020,prefeito,1
4214102,2020,vereador,9
4214102,2020,vice-prefeito,1
4214151,2020,prefeito,1
4214151,2020,vereador,9
4214151,2020,vice-prefeito,1
4214201,2020,prefeito,1
4214201,2020,vereador,9
4214201,2020,vice-prefeito,1
4214300,2020,prefeito,1
4214300,2020,vereador,9
4214300,2020,vice-prefeito,1
4214409,2020,prefeito,1
4214409,2020,vereador,9
4214409,2020,vice-prefeito,1
4214508,2020,prefeito,1
4214508,2020,vereador,9
4214508,2020,vice-prefeito,1
4214607,2020,prefeito,1
4214607,2020,vereador,9
4214607,2020,vice-prefeito,1
4214706,2020,prefeito,1
4214706,2020,vereador,9
4214706,2020,vice-prefeito,1
4214805,2020,prefeito,1
4214805,2020,vereador,10
4214805,2020,vice-prefeito,1
4214904,2020,prefeito,1
4214904,2020,vereador,9
4214904,2020,vice-prefeito,1
4215000,2020,prefeito,1
4215000,2020,vereador,9
4215000,2020,vice-prefeito,1
4215059,2020,prefeito,1
4215059,2020,vereador,9
4215059,2020,vice-prefeito,1
4215075,2020,prefeito,1
4215075,2020,vereador,9
4215075,2020,vice-prefeito,1
4215109,2020,prefeito,1
4215109,2020,vereador,9
4215109,2020,vice-prefeito,1
4215208,2020,prefeito,1
4215208,2020,vereador,9
4215208,2020,vice-prefeito,1
4215307,2020,prefeito,1
4215307,2020,vereador,9
4215307,2020,vice-prefeito,1
4215356,2020,prefeito,1
4215356,2020,vereador,9
4215356,2020,vice-prefeito,1
4215406,2020,prefeito,1
4215406,2020,vereador,9
4215406,2020,vice-prefeito,1
4215455,2020,prefeito,1
4215455,2020,vereador,9
4215455,2020,vice-prefeito,1
4215505,2020,prefeito,1
4215505,2020,vereador,11
4215505,2020,vice-prefeito,1
4215554,2020,prefeito,1
4215554,2020,vereador,9
4215554,2020,vice-prefeito,1
4215604,2020,prefeito,1
4215604,2020,vereador,9
4215604,2020,vice-prefeito,1
4215653,2020,prefeito,1
4215653,2020,vereador,9
4215653,2020,vice-prefeito,1
4215679,2020,prefeito,1
4215679,2020,vereador,9
4215679,2020,vice-prefeito,1
4215687,2020,prefeito,1
4215687,2020,vereador,9
4215687,2020,vice-prefeito,1
4215695,2020,prefeito,1
4215695,2020,vereador,9
4215695,2020,vice-prefeito,1
4215703,2020,prefeito,1
4215703,2020,vereador,11
4215703,2020,vice-prefeito,1
4215752,2020,prefeito,1
4215752,2020,vereador,9
4215752,2020,vice-prefeito,1
4215802,2020,prefeito,1
4215802,2020,vereador,10
4215802,2020,vice-prefeito,1
4215901,2020,prefeito,1
4215901,2020,vereador,9
4215901,2020,vice-prefeito,1
4216008,2020,prefeito,1
4216008,2020,vereador,9
4216008,2020,vice-prefeito,1
4216057,2020,prefeito,1
4216057,2020,vereador,9
4216057,2020,vice-prefeito,1
4216107,2020,prefeito,1
4216107,2020,vereador,9
4216107,2020,vice-prefeito,1
4216206,2020,prefeito,1
4216206,2020,vereador,9
4216206,2020,vice-prefeito,1
4216255,2020,prefeito,1
4216255,2020,vereador,9
4216255,2020,vice-prefeito,1
4216305,2020,prefeito,1
4216305,2020,vereador,11
4216305,2020,vice-prefeito,1
4216354,2020,prefeito,1
4216354,2020,vereador,9
4216354,2020,vice-prefeito,1
4216404,2020,prefeito,1
4216404,2020,vereador,9
4216404,2020,vice-prefeito,1
4216503,2020,prefeito,1
4216503,2020,vereador,9
4216503,2020,vice-prefeito,1
4216602,2020,prefeito,1
4216602,2020,vereador,19
4216602,2020,vice-prefeito,1
4216701,2020,prefeito,1
4216701,2020,vereador,9
4216701,2020,vice-prefeito,1
4216800,2020,prefeito,1
4216800,2020,vereador,9
4216800,2020,vice-prefeito,1
4216909,2020,prefeito,1
4216909,2020,vereador,9
4216909,2020,vice-prefeito,1
4217006,2020,prefeito,1
4217006,2020,vereador,9
4217006,2020,vice-prefeito,1
4217105,2020,prefeito,1
4217105,2020,vereador,9
4217105,2020,vice-prefeito,1
4217154,2020,prefeito,1
4217154,2020,vereador,9
4217154,2020,vice-prefeito,1
4217204,2020,prefeito,1
4217204,2020,vereador,13
4217204,2020,vice-prefeito,1
4217253,2020,prefeito,1
4217253,2020,vereador,9
4217253,2020,vice-prefeito,1
4217303,2020,prefeito,1
4217303,2020,vereador,9
4217303,2020,vice-prefeito,1
4217402,2020,prefeito,1
4217402,2020,vereador,9
4217402,2020,vice-prefeito,1
4217501,2020,prefeito,1
4217501,2020,vereador,11
4217501,2020,vice-prefeito,1
4217550,2020,prefeito,1
4217550,2020,vereador,9
4217550,2020,vice-prefeito,1
4217600,2020,prefeito,1
4217600,2020,vereador,9
4217600,2020,vice-prefeito,1
4217709,2020,prefeito,1
4217709,2020,vereador,11
4217709,2020,vice-prefeito,1
4217758,2020,prefeito,1
4217758,2020,vereador,9
4217758,2020,vice-prefeito,1
4217808,2020,prefeito,1
4217808,2020,vereador,9
4217808,2020,vice-prefeito,1
4217907,2020,prefeito,1
4217907,2020,vereador,9
4217907,2020,vice-prefeito,1
4217956,2020,prefeito,1
4217956,2020,vereador,9
4217956,2020,vice-prefeito,1
4218004,2020,prefeito,1
4218004,2020,vereador,13
4218004,2020,vice-prefeito,1
4218103,2020,prefeito,1
4218103,2020,vereador,9
4218103,2020,vice-prefeito,1
4218202,2020,prefeito,1
4218202,2020,vereador,9
4218202,2020,vice-prefeito,1
4218251,2020,prefeito,1
4218251,2020,vereador,9
4218251,2020,vice-prefeito,1
4218301,2020,prefeito,1
4218301,2020,vereador,11
4218301,2020,vice-prefeito,1
4218350,2020,prefeito,1
4218350,2020,vereador,9
4218350,2020,vice-prefeito,1
4218400,2020,prefeito,1
4218400,2020,vereador,9
4218400,2020,vice-prefeito,1
4218509,2020,prefeito,1
4218509,2020,vereador,9
4218509,2020,vice-prefeito,1
4218608,2020,prefeito,1
4218608,2020,vereador,9
4218608,2020,vice-prefeito,1
4218707,2020,prefeito,1
4218707,2020,vereador,15
4218707,2020,vice-prefeito,1
4218756,2020,prefeito,1
4218756,2020,vereador,9
4218756,2020,vice-prefeito,1
4218806,2020,prefeito,1
4218806,2020,vereador,9
4218806,2020,vice-prefeito,1
4218855,2020,prefeito,1
4218855,2020,vereador,9
4218855,2020,vice-prefeito,1
4218905,2020,prefeito,1
4218905,2020,vereador,9
4218905,2020,vice-prefeito,1
4218954,2020,prefeito,1
4218954,2020,vereador,9
4218954,2020,vice-prefeito,1
4219002,2020,prefeito,1
4219002,2020,vereador,9
4219002,2020,vice-prefeito,1
4219101,2020,prefeito,1
4219101,2020,vereador,9
4219101,2020,vice-prefeito,1
4219150,2020,prefeito,1
4219150,2020,vereador,9
4219150,2020,vice-prefeito,1
4219176,2020,prefeito,1
4219176,2020,vereador,9
4219176,2020,vice-prefeito,1
4219200,2020,prefeito,1
4219200,2020,vereador,9
4219200,2020,vice-prefeito,1
4219309,2020,prefeito,1
4219309,2020,vereador,11
4219309,2020,vice-prefeito,1
4219358,2020,prefeito,1
4219358,2020,vereador,9
4219358,2020,vice-prefeito,1
4219408,2020,prefeito,1
4219408,2020,vereador,9
4219408,2020,vice-prefeito,1
4219507,2020,prefeito,1
4219507,2020,vereador,9
4219507,2020,vice-prefeito,1
4219606,2020,prefeito,1
4219606,2020,vereador,9
4219606,2020,vice-prefeito,1
4219705,2020,prefeito,1
4219705,2020,vereador,11
4219705,2020,vice-prefeito,1
4219853,2020,prefeito,1
4219853,2020,vereador,9
4219853,2020,vice-prefeito,1
4220000,2020,prefeito,1
4220000,2020,vereador,9
4220000,2020,vice-prefeito,1
,2022,deputado estadual,40
,2022,deputado federal,16
,2022,governador,1
,2022,senador,1
